Epoch: [0][0/123], lr: 0.00010	Time 10.944 (10.944)	Data 3.882 (3.882)	Loss 4.6472 (4.6472)	Prec@1 0.000 (0.000)	Prec@5 0.000 (0.000)
Epoch: [0][20/123], lr: 0.00010	Time 0.392 (0.857)	Data 0.002 (0.186)	Loss 1.9177 (3.2757)	Prec@1 37.500 (20.833)	Prec@5 100.000 (66.071)
Epoch: [0][40/123], lr: 0.00010	Time 0.361 (0.612)	Data 0.001 (0.095)	Loss 1.6159 (2.3820)	Prec@1 75.000 (36.890)	Prec@5 87.500 (80.793)
Epoch: [0][60/123], lr: 0.00010	Time 0.310 (0.529)	Data 0.000 (0.065)	Loss 1.3836 (1.9826)	Prec@1 37.500 (45.697)	Prec@5 100.000 (85.656)
Epoch: [0][80/123], lr: 0.00010	Time 0.317 (0.481)	Data 0.000 (0.049)	Loss 1.0913 (1.7040)	Prec@1 62.500 (51.852)	Prec@5 100.000 (89.198)
Epoch: [0][100/123], lr: 0.00010	Time 0.366 (0.458)	Data 0.000 (0.039)	Loss 0.6966 (1.5269)	Prec@1 75.000 (56.436)	Prec@5 100.000 (90.718)
Epoch: [0][120/123], lr: 0.00010	Time 0.358 (0.438)	Data 0.000 (0.033)	Loss 0.4183 (1.3943)	Prec@1 87.500 (59.711)	Prec@5 100.000 (92.149)
Test: [0/49]	Time 8.601 (8.601)	Loss 0.2773 (0.2773)	Prec@1 100.000 (100.000)	Prec@5 100.000 (100.000)
Test: [20/49]	Time 0.172 (0.562)	Loss 1.6256 (0.5721)	Prec@1 37.500 (78.571)	Prec@5 100.000 (100.000)
Test: [40/49]	Time 0.171 (0.362)	Loss 0.9182 (0.7073)	Prec@1 100.000 (81.707)	Prec@5 100.000 (100.000)
Testing Results: Prec@1 83.805 Prec@5 100.000 Loss 0.64960
Best Prec@1: 83.805

Epoch: [1][0/123], lr: 0.00010	Time 4.258 (4.258)	Data 3.770 (3.770)	Loss 0.1988 (0.1988)	Prec@1 87.500 (87.500)	Prec@5 100.000 (100.000)
Epoch: [1][20/123], lr: 0.00010	Time 0.284 (0.544)	Data 0.000 (0.180)	Loss 0.2079 (0.5014)	Prec@1 87.500 (83.333)	Prec@5 100.000 (99.405)
Epoch: [1][40/123], lr: 0.00010	Time 0.301 (0.453)	Data 0.000 (0.093)	Loss 1.2212 (0.6018)	Prec@1 37.500 (79.878)	Prec@5 100.000 (99.390)
Epoch: [1][60/123], lr: 0.00010	Time 0.368 (0.422)	Data 0.000 (0.063)	Loss 0.1468 (0.5891)	Prec@1 100.000 (81.557)	Prec@5 100.000 (99.590)
Epoch: [1][80/123], lr: 0.00010	Time 0.375 (0.409)	Data 0.000 (0.047)	Loss 0.2386 (0.5578)	Prec@1 87.500 (81.944)	Prec@5 100.000 (99.691)
Epoch: [1][100/123], lr: 0.00010	Time 0.333 (0.396)	Data 0.002 (0.038)	Loss 0.2314 (0.5658)	Prec@1 75.000 (82.054)	Prec@5 100.000 (99.752)
Epoch: [1][120/123], lr: 0.00010	Time 0.300 (0.386)	Data 0.000 (0.032)	Loss 0.1462 (0.5655)	Prec@1 87.500 (81.818)	Prec@5 100.000 (99.793)
Test: [0/49]	Time 2.201 (2.201)	Loss 1.1112 (1.1112)	Prec@1 37.500 (37.500)	Prec@5 100.000 (100.000)
Test: [20/49]	Time 0.143 (0.284)	Loss 0.7238 (0.4268)	Prec@1 100.000 (82.738)	Prec@5 100.000 (100.000)
Test: [40/49]	Time 0.135 (0.220)	Loss 0.4594 (0.4622)	Prec@1 100.000 (85.671)	Prec@5 100.000 (100.000)
Testing Results: Prec@1 87.661 Prec@5 100.000 Loss 0.44432
Best Prec@1: 87.661

Epoch: [2][0/123], lr: 0.00010	Time 3.660 (3.660)	Data 3.105 (3.105)	Loss 0.0116 (0.0116)	Prec@1 100.000 (100.000)	Prec@5 100.000 (100.000)
Epoch: [2][20/123], lr: 0.00010	Time 0.285 (0.509)	Data 0.000 (0.148)	Loss 0.4700 (0.4574)	Prec@1 87.500 (86.310)	Prec@5 100.000 (99.405)
Epoch: [2][40/123], lr: 0.00010	Time 0.371 (0.443)	Data 0.000 (0.076)	Loss 0.2812 (0.3956)	Prec@1 87.500 (87.500)	Prec@5 100.000 (99.695)
Epoch: [2][60/123], lr: 0.00010	Time 0.348 (0.415)	Data 0.000 (0.052)	Loss 0.0421 (0.4155)	Prec@1 100.000 (86.270)	Prec@5 100.000 (99.590)
Epoch: [2][80/123], lr: 0.00010	Time 0.343 (0.399)	Data 0.000 (0.039)	Loss 0.8263 (0.3940)	Prec@1 75.000 (86.883)	Prec@5 100.000 (99.691)
Epoch: [2][100/123], lr: 0.00010	Time 0.343 (0.390)	Data 0.000 (0.032)	Loss 0.2181 (0.3935)	Prec@1 87.500 (86.881)	Prec@5 100.000 (99.752)
Epoch: [2][120/123], lr: 0.00010	Time 0.380 (0.381)	Data 0.000 (0.026)	Loss 0.4993 (0.3699)	Prec@1 87.500 (87.500)	Prec@5 100.000 (99.793)
Test: [0/49]	Time 2.375 (2.375)	Loss 0.1011 (0.1011)	Prec@1 100.000 (100.000)	Prec@5 100.000 (100.000)
Test: [20/49]	Time 0.169 (0.281)	Loss 1.0297 (0.3299)	Prec@1 62.500 (89.286)	Prec@5 100.000 (100.000)
Test: [40/49]	Time 0.095 (0.220)	Loss 0.1067 (0.3445)	Prec@1 100.000 (90.854)	Prec@5 100.000 (100.000)
Testing Results: Prec@1 92.288 Prec@5 100.000 Loss 0.31050
Best Prec@1: 92.288

Epoch: [3][0/123], lr: 0.00010	Time 3.526 (3.526)	Data 3.222 (3.222)	Loss 0.1962 (0.1962)	Prec@1 87.500 (87.500)	Prec@5 100.000 (100.000)
Epoch: [3][20/123], lr: 0.00010	Time 0.351 (0.490)	Data 0.000 (0.154)	Loss 0.5582 (0.3419)	Prec@1 75.000 (91.071)	Prec@5 100.000 (100.000)
Epoch: [3][40/123], lr: 0.00010	Time 0.415 (0.423)	Data 0.000 (0.079)	Loss 0.4938 (0.2733)	Prec@1 62.500 (91.463)	Prec@5 100.000 (100.000)
Epoch: [3][60/123], lr: 0.00010	Time 0.336 (0.395)	Data 0.000 (0.053)	Loss 0.0274 (0.2502)	Prec@1 100.000 (92.213)	Prec@5 100.000 (100.000)
Epoch: [3][80/123], lr: 0.00010	Time 0.390 (0.387)	Data 0.000 (0.040)	Loss 0.0498 (0.2426)	Prec@1 100.000 (92.284)	Prec@5 100.000 (100.000)
Epoch: [3][100/123], lr: 0.00010	Time 0.317 (0.380)	Data 0.000 (0.032)	Loss 0.0661 (0.2397)	Prec@1 100.000 (92.327)	Prec@5 100.000 (100.000)
Epoch: [3][120/123], lr: 0.00010	Time 0.331 (0.371)	Data 0.000 (0.027)	Loss 0.0223 (0.2359)	Prec@1 100.000 (92.252)	Prec@5 100.000 (100.000)
Test: [0/49]	Time 2.374 (2.374)	Loss 0.0079 (0.0079)	Prec@1 100.000 (100.000)	Prec@5 100.000 (100.000)
Test: [20/49]	Time 0.169 (0.272)	Loss 0.3658 (0.1902)	Prec@1 100.000 (92.857)	Prec@5 100.000 (100.000)
Test: [40/49]	Time 0.140 (0.214)	Loss 0.0809 (0.2183)	Prec@1 100.000 (93.293)	Prec@5 100.000 (100.000)
Testing Results: Prec@1 94.344 Prec@5 100.000 Loss 0.18960
Best Prec@1: 94.344

Epoch: [4][0/123], lr: 0.00010	Time 3.833 (3.833)	Data 3.377 (3.377)	Loss 0.0705 (0.0705)	Prec@1 100.000 (100.000)	Prec@5 100.000 (100.000)
Epoch: [4][20/123], lr: 0.00010	Time 0.394 (0.543)	Data 0.000 (0.161)	Loss 0.3395 (0.2228)	Prec@1 87.500 (93.452)	Prec@5 100.000 (100.000)
Epoch: [4][40/123], lr: 0.00010	Time 0.396 (0.450)	Data 0.000 (0.083)	Loss 0.0105 (0.2166)	Prec@1 100.000 (93.902)	Prec@5 100.000 (100.000)
Epoch: [4][60/123], lr: 0.00010	Time 0.349 (0.420)	Data 0.001 (0.056)	Loss 0.0150 (0.1995)	Prec@1 100.000 (93.648)	Prec@5 100.000 (100.000)
Epoch: [4][80/123], lr: 0.00010	Time 0.346 (0.405)	Data 0.000 (0.042)	Loss 0.0353 (0.1886)	Prec@1 100.000 (93.827)	Prec@5 100.000 (100.000)
Epoch: [4][100/123], lr: 0.00010	Time 0.271 (0.394)	Data 0.000 (0.034)	Loss 0.2130 (0.1778)	Prec@1 87.500 (94.183)	Prec@5 100.000 (99.876)
Epoch: [4][120/123], lr: 0.00010	Time 0.370 (0.384)	Data 0.000 (0.028)	Loss 0.0307 (0.1914)	Prec@1 100.000 (93.802)	Prec@5 100.000 (99.690)
Test: [0/49]	Time 2.360 (2.360)	Loss 0.0038 (0.0038)	Prec@1 100.000 (100.000)	Prec@5 100.000 (100.000)
Test: [20/49]	Time 0.188 (0.285)	Loss 0.3246 (0.0885)	Prec@1 75.000 (95.833)	Prec@5 100.000 (100.000)
Test: [40/49]	Time 0.242 (0.224)	Loss 0.0598 (0.1122)	Prec@1 100.000 (96.341)	Prec@5 100.000 (100.000)
Testing Results: Prec@1 96.915 Prec@5 100.000 Loss 0.10059
Best Prec@1: 96.915

Epoch: [5][0/123], lr: 0.00010	Time 3.609 (3.609)	Data 3.217 (3.217)	Loss 0.2169 (0.2169)	Prec@1 87.500 (87.500)	Prec@5 100.000 (100.000)
Epoch: [5][20/123], lr: 0.00010	Time 0.328 (0.513)	Data 0.000 (0.154)	Loss 0.0837 (0.1121)	Prec@1 100.000 (95.238)	Prec@5 100.000 (100.000)
Epoch: [5][40/123], lr: 0.00010	Time 0.333 (0.436)	Data 0.000 (0.079)	Loss 0.0384 (0.1300)	Prec@1 100.000 (95.427)	Prec@5 100.000 (100.000)
Epoch: [5][60/123], lr: 0.00010	Time 0.298 (0.413)	Data 0.000 (0.053)	Loss 0.0325 (0.1267)	Prec@1 100.000 (95.902)	Prec@5 100.000 (100.000)
Epoch: [5][80/123], lr: 0.00010	Time 0.314 (0.402)	Data 0.000 (0.040)	Loss 0.2824 (0.1402)	Prec@1 75.000 (95.525)	Prec@5 100.000 (99.846)
Epoch: [5][100/123], lr: 0.00010	Time 0.329 (0.393)	Data 0.000 (0.032)	Loss 0.2658 (0.1435)	Prec@1 87.500 (95.297)	Prec@5 100.000 (99.752)
Epoch: [5][120/123], lr: 0.00010	Time 0.294 (0.382)	Data 0.000 (0.027)	Loss 0.0887 (0.1309)	Prec@1 100.000 (95.764)	Prec@5 100.000 (99.793)
Test: [0/49]	Time 2.707 (2.707)	Loss 0.0307 (0.0307)	Prec@1 100.000 (100.000)	Prec@5 100.000 (100.000)
Test: [20/49]	Time 0.132 (0.313)	Loss 0.2573 (0.0542)	Prec@1 87.500 (98.214)	Prec@5 100.000 (100.000)
Test: [40/49]	Time 0.123 (0.230)	Loss 0.0083 (0.1450)	Prec@1 100.000 (94.817)	Prec@5 100.000 (100.000)
Testing Results: Prec@1 95.630 Prec@5 100.000 Loss 0.12468
Best Prec@1: 96.915

Epoch: [6][0/123], lr: 0.00010	Time 3.658 (3.658)	Data 3.293 (3.293)	Loss 0.0112 (0.0112)	Prec@1 100.000 (100.000)	Prec@5 100.000 (100.000)
Epoch: [6][20/123], lr: 0.00010	Time 0.366 (0.513)	Data 0.000 (0.157)	Loss 0.0832 (0.0937)	Prec@1 100.000 (98.214)	Prec@5 100.000 (100.000)
Epoch: [6][40/123], lr: 0.00010	Time 0.347 (0.433)	Data 0.000 (0.081)	Loss 0.3980 (0.1108)	Prec@1 87.500 (97.256)	Prec@5 100.000 (99.695)
Epoch: [6][60/123], lr: 0.00010	Time 0.373 (0.410)	Data 0.000 (0.054)	Loss 0.3300 (0.1366)	Prec@1 87.500 (96.107)	Prec@5 100.000 (99.590)
Epoch: [6][80/123], lr: 0.00010	Time 0.335 (0.397)	Data 0.000 (0.041)	Loss 0.0009 (0.1406)	Prec@1 100.000 (96.296)	Prec@5 100.000 (99.691)
Epoch: [6][100/123], lr: 0.00010	Time 0.369 (0.388)	Data 0.000 (0.033)	Loss 0.0397 (0.1351)	Prec@1 100.000 (96.287)	Prec@5 100.000 (99.752)
Epoch: [6][120/123], lr: 0.00010	Time 0.356 (0.380)	Data 0.000 (0.028)	Loss 0.0155 (0.1223)	Prec@1 100.000 (96.488)	Prec@5 100.000 (99.793)
Test: [0/49]	Time 1.495 (1.495)	Loss 0.0456 (0.0456)	Prec@1 100.000 (100.000)	Prec@5 100.000 (100.000)
Test: [20/49]	Time 0.139 (0.263)	Loss 0.8482 (0.1466)	Prec@1 62.500 (94.048)	Prec@5 100.000 (100.000)
Test: [40/49]	Time 0.178 (0.205)	Loss 0.0010 (0.1811)	Prec@1 100.000 (92.378)	Prec@5 100.000 (100.000)
Testing Results: Prec@1 93.573 Prec@5 100.000 Loss 0.15505
Best Prec@1: 96.915

Epoch: [7][0/123], lr: 0.00010	Time 3.308 (3.308)	Data 2.870 (2.870)	Loss 1.7400 (1.7400)	Prec@1 75.000 (75.000)	Prec@5 100.000 (100.000)
Epoch: [7][20/123], lr: 0.00010	Time 0.326 (0.512)	Data 0.000 (0.137)	Loss 0.0028 (0.1432)	Prec@1 100.000 (95.833)	Prec@5 100.000 (100.000)
Epoch: [7][40/123], lr: 0.00010	Time 0.373 (0.430)	Data 0.000 (0.070)	Loss 0.0342 (0.1069)	Prec@1 100.000 (96.341)	Prec@5 100.000 (100.000)
Epoch: [7][60/123], lr: 0.00010	Time 0.314 (0.403)	Data 0.004 (0.047)	Loss 0.0068 (0.0993)	Prec@1 100.000 (96.516)	Prec@5 100.000 (100.000)
Epoch: [7][80/123], lr: 0.00010	Time 0.445 (0.397)	Data 0.000 (0.036)	Loss 0.0086 (0.0931)	Prec@1 100.000 (96.451)	Prec@5 100.000 (100.000)
Epoch: [7][100/123], lr: 0.00010	Time 0.399 (0.389)	Data 0.000 (0.029)	Loss 0.0477 (0.0950)	Prec@1 100.000 (96.535)	Prec@5 100.000 (100.000)
Epoch: [7][120/123], lr: 0.00010	Time 0.353 (0.380)	Data 0.000 (0.024)	Loss 0.0048 (0.1111)	Prec@1 100.000 (96.178)	Prec@5 100.000 (100.000)
Test: [0/49]	Time 2.091 (2.091)	Loss 0.0010 (0.0010)	Prec@1 100.000 (100.000)	Prec@5 100.000 (100.000)
Test: [20/49]	Time 0.124 (0.286)	Loss 0.6725 (0.0875)	Prec@1 75.000 (96.429)	Prec@5 100.000 (100.000)
Test: [40/49]	Time 0.135 (0.219)	Loss 0.0002 (0.1383)	Prec@1 100.000 (94.817)	Prec@5 100.000 (100.000)
Testing Results: Prec@1 95.630 Prec@5 100.000 Loss 0.11684
Best Prec@1: 96.915

Epoch: [8][0/123], lr: 0.00010	Time 3.527 (3.527)	Data 3.161 (3.161)	Loss 0.0002 (0.0002)	Prec@1 100.000 (100.000)	Prec@5 100.000 (100.000)
Epoch: [8][20/123], lr: 0.00010	Time 0.361 (0.513)	Data 0.000 (0.151)	Loss 0.1322 (0.0371)	Prec@1 87.500 (98.810)	Prec@5 100.000 (100.000)
Epoch: [8][40/123], lr: 0.00010	Time 0.307 (0.441)	Data 0.000 (0.078)	Loss 0.0043 (0.0907)	Prec@1 100.000 (97.256)	Prec@5 100.000 (100.000)
Epoch: [8][60/123], lr: 0.00010	Time 0.361 (0.412)	Data 0.000 (0.053)	Loss 0.0008 (0.0932)	Prec@1 100.000 (97.131)	Prec@5 100.000 (100.000)
Epoch: [8][80/123], lr: 0.00010	Time 0.353 (0.397)	Data 0.000 (0.040)	Loss 0.1010 (0.0839)	Prec@1 100.000 (97.531)	Prec@5 100.000 (100.000)
Epoch: [8][100/123], lr: 0.00010	Time 0.305 (0.385)	Data 0.000 (0.032)	Loss 0.0015 (0.0897)	Prec@1 100.000 (97.525)	Prec@5 100.000 (100.000)
Epoch: [8][120/123], lr: 0.00010	Time 0.350 (0.374)	Data 0.000 (0.027)	Loss 0.0056 (0.0826)	Prec@1 100.000 (97.521)	Prec@5 100.000 (100.000)
Test: [0/49]	Time 2.345 (2.345)	Loss 0.0009 (0.0009)	Prec@1 100.000 (100.000)	Prec@5 100.000 (100.000)
Test: [20/49]	Time 0.153 (0.287)	Loss 0.0779 (0.0199)	Prec@1 100.000 (99.405)	Prec@5 100.000 (100.000)
Test: [40/49]	Time 0.135 (0.213)	Loss 0.0045 (0.0691)	Prec@1 100.000 (97.866)	Prec@5 100.000 (100.000)
Testing Results: Prec@1 98.201 Prec@5 100.000 Loss 0.05857
Best Prec@1: 98.201

Epoch: [9][0/123], lr: 0.00010	Time 2.962 (2.962)	Data 2.486 (2.486)	Loss 0.1577 (0.1577)	Prec@1 87.500 (87.500)	Prec@5 100.000 (100.000)
Epoch: [9][20/123], lr: 0.00010	Time 0.374 (0.499)	Data 0.000 (0.119)	Loss 0.0004 (0.0180)	Prec@1 100.000 (98.810)	Prec@5 100.000 (100.000)
Epoch: [9][40/123], lr: 0.00010	Time 0.328 (0.431)	Data 0.000 (0.062)	Loss 0.0080 (0.0797)	Prec@1 100.000 (96.646)	Prec@5 100.000 (99.695)
Epoch: [9][60/123], lr: 0.00010	Time 0.359 (0.407)	Data 0.000 (0.042)	Loss 0.0386 (0.0810)	Prec@1 100.000 (96.926)	Prec@5 100.000 (99.795)
Epoch: [9][80/123], lr: 0.00010	Time 0.336 (0.394)	Data 0.000 (0.032)	Loss 0.1053 (0.1000)	Prec@1 100.000 (96.605)	Prec@5 100.000 (99.846)
Epoch: [9][100/123], lr: 0.00010	Time 0.312 (0.384)	Data 0.000 (0.025)	Loss 0.0006 (0.1051)	Prec@1 100.000 (96.906)	Prec@5 100.000 (99.876)
Epoch: [9][120/123], lr: 0.00010	Time 0.264 (0.377)	Data 0.000 (0.021)	Loss 0.0016 (0.0960)	Prec@1 100.000 (97.107)	Prec@5 100.000 (99.897)
Test: [0/49]	Time 2.288 (2.288)	Loss 0.0003 (0.0003)	Prec@1 100.000 (100.000)	Prec@5 100.000 (100.000)
Test: [20/49]	Time 0.145 (0.278)	Loss 0.5181 (0.0385)	Prec@1 62.500 (98.214)	Prec@5 100.000 (100.000)
Test: [40/49]	Time 0.124 (0.211)	Loss 0.0003 (0.0810)	Prec@1 100.000 (96.951)	Prec@5 100.000 (100.000)
Testing Results: Prec@1 97.429 Prec@5 100.000 Loss 0.06838
Best Prec@1: 98.201

Epoch: [10][0/123], lr: 0.00010	Time 3.175 (3.175)	Data 2.761 (2.761)	Loss 0.0002 (0.0002)	Prec@1 100.000 (100.000)	Prec@5 100.000 (100.000)
Epoch: [10][20/123], lr: 0.00010	Time 0.384 (0.507)	Data 0.016 (0.132)	Loss 0.0002 (0.0728)	Prec@1 100.000 (97.024)	Prec@5 100.000 (100.000)
Epoch: [10][40/123], lr: 0.00010	Time 0.359 (0.439)	Data 0.000 (0.068)	Loss 0.0012 (0.1029)	Prec@1 100.000 (97.256)	Prec@5 100.000 (100.000)
Epoch: [10][60/123], lr: 0.00010	Time 0.363 (0.411)	Data 0.002 (0.046)	Loss 0.2116 (0.1081)	Prec@1 87.500 (96.721)	Prec@5 100.000 (100.000)
Epoch: [10][80/123], lr: 0.00010	Time 0.294 (0.394)	Data 0.000 (0.035)	Loss 0.0061 (0.0895)	Prec@1 100.000 (97.222)	Prec@5 100.000 (100.000)
Epoch: [10][100/123], lr: 0.00010	Time 0.311 (0.382)	Data 0.000 (0.028)	Loss 0.0238 (0.0897)	Prec@1 100.000 (97.401)	Prec@5 100.000 (100.000)
Epoch: [10][120/123], lr: 0.00010	Time 0.284 (0.374)	Data 0.000 (0.024)	Loss 0.0996 (0.0880)	Prec@1 87.500 (97.107)	Prec@5 100.000 (100.000)
Test: [0/49]	Time 2.253 (2.253)	Loss 0.0003 (0.0003)	Prec@1 100.000 (100.000)	Prec@5 100.000 (100.000)
Test: [20/49]	Time 0.150 (0.278)	Loss 0.1800 (0.0294)	Prec@1 87.500 (98.214)	Prec@5 100.000 (100.000)
Test: [40/49]	Time 0.146 (0.212)	Loss 0.0001 (0.1017)	Prec@1 100.000 (96.951)	Prec@5 100.000 (100.000)
Testing Results: Prec@1 97.429 Prec@5 100.000 Loss 0.08609
Best Prec@1: 98.201

Epoch: [11][0/123], lr: 0.00010	Time 3.168 (3.168)	Data 2.722 (2.722)	Loss 0.1695 (0.1695)	Prec@1 87.500 (87.500)	Prec@5 100.000 (100.000)
Epoch: [11][20/123], lr: 0.00010	Time 0.341 (0.477)	Data 0.000 (0.130)	Loss 0.0030 (0.0177)	Prec@1 100.000 (99.405)	Prec@5 100.000 (100.000)
Epoch: [11][40/123], lr: 0.00010	Time 0.308 (0.412)	Data 0.000 (0.067)	Loss 0.0003 (0.0197)	Prec@1 100.000 (99.085)	Prec@5 100.000 (100.000)
Epoch: [11][60/123], lr: 0.00010	Time 0.368 (0.395)	Data 0.000 (0.045)	Loss 0.0053 (0.0248)	Prec@1 100.000 (98.770)	Prec@5 100.000 (100.000)
Epoch: [11][80/123], lr: 0.00010	Time 0.334 (0.385)	Data 0.000 (0.034)	Loss 0.0027 (0.0403)	Prec@1 100.000 (98.457)	Prec@5 100.000 (100.000)
Epoch: [11][100/123], lr: 0.00010	Time 0.299 (0.377)	Data 0.000 (0.027)	Loss 0.0037 (0.0442)	Prec@1 100.000 (98.391)	Prec@5 100.000 (100.000)
Epoch: [11][120/123], lr: 0.00010	Time 0.403 (0.369)	Data 0.000 (0.023)	Loss 0.0009 (0.0597)	Prec@1 100.000 (97.831)	Prec@5 100.000 (100.000)
Test: [0/49]	Time 2.362 (2.362)	Loss 0.2451 (0.2451)	Prec@1 87.500 (87.500)	Prec@5 100.000 (100.000)
Test: [20/49]	Time 0.089 (0.280)	Loss 0.0715 (0.1622)	Prec@1 100.000 (94.048)	Prec@5 100.000 (100.000)
Test: [40/49]	Time 0.153 (0.213)	Loss 0.0001 (0.1231)	Prec@1 100.000 (95.427)	Prec@5 100.000 (100.000)
Testing Results: Prec@1 96.144 Prec@5 100.000 Loss 0.10401
Best Prec@1: 98.201

Epoch: [12][0/123], lr: 0.00010	Time 3.581 (3.581)	Data 3.203 (3.203)	Loss 0.0012 (0.0012)	Prec@1 100.000 (100.000)	Prec@5 100.000 (100.000)
Epoch: [12][20/123], lr: 0.00010	Time 0.350 (0.508)	Data 0.006 (0.158)	Loss 0.0001 (0.0675)	Prec@1 100.000 (97.619)	Prec@5 100.000 (100.000)
Epoch: [12][40/123], lr: 0.00010	Time 0.420 (0.428)	Data 0.001 (0.081)	Loss 0.0308 (0.0579)	Prec@1 100.000 (97.866)	Prec@5 100.000 (100.000)
Epoch: [12][60/123], lr: 0.00010	Time 0.343 (0.405)	Data 0.000 (0.055)	Loss 0.1047 (0.0672)	Prec@1 87.500 (97.541)	Prec@5 100.000 (100.000)
Epoch: [12][80/123], lr: 0.00010	Time 0.373 (0.389)	Data 0.003 (0.042)	Loss 0.0000 (0.0567)	Prec@1 100.000 (97.840)	Prec@5 100.000 (100.000)
Epoch: [12][100/123], lr: 0.00010	Time 0.330 (0.382)	Data 0.000 (0.034)	Loss 0.0001 (0.0686)	Prec@1 100.000 (97.772)	Prec@5 100.000 (99.876)
Epoch: [12][120/123], lr: 0.00010	Time 0.312 (0.376)	Data 0.000 (0.028)	Loss 0.0502 (0.0648)	Prec@1 100.000 (97.831)	Prec@5 100.000 (99.897)
Test: [0/49]	Time 2.659 (2.659)	Loss 0.0011 (0.0011)	Prec@1 100.000 (100.000)	Prec@5 100.000 (100.000)
Test: [20/49]	Time 0.196 (0.304)	Loss 0.0033 (0.0085)	Prec@1 100.000 (100.000)	Prec@5 100.000 (100.000)
Test: [40/49]	Time 0.124 (0.227)	Loss 0.0004 (0.0719)	Prec@1 100.000 (97.256)	Prec@5 100.000 (100.000)
Testing Results: Prec@1 97.686 Prec@5 100.000 Loss 0.06136
Best Prec@1: 98.201

Epoch: [13][0/123], lr: 0.00010	Time 3.093 (3.093)	Data 2.672 (2.672)	Loss 0.0000 (0.0000)	Prec@1 100.000 (100.000)	Prec@5 100.000 (100.000)
Epoch: [13][20/123], lr: 0.00010	Time 0.344 (0.492)	Data 0.000 (0.127)	Loss 0.1554 (0.1150)	Prec@1 100.000 (97.024)	Prec@5 100.000 (100.000)
Epoch: [13][40/123], lr: 0.00010	Time 0.333 (0.423)	Data 0.000 (0.066)	Loss 0.0000 (0.0674)	Prec@1 100.000 (98.171)	Prec@5 100.000 (100.000)
Epoch: [13][60/123], lr: 0.00010	Time 0.327 (0.398)	Data 0.000 (0.044)	Loss 0.0000 (0.0515)	Prec@1 100.000 (98.361)	Prec@5 100.000 (100.000)
Epoch: [13][80/123], lr: 0.00010	Time 0.368 (0.385)	Data 0.000 (0.033)	Loss 0.2840 (0.0667)	Prec@1 87.500 (98.302)	Prec@5 100.000 (100.000)
Epoch: [13][100/123], lr: 0.00010	Time 0.355 (0.374)	Data 0.000 (0.027)	Loss 0.0007 (0.0671)	Prec@1 100.000 (98.267)	Prec@5 100.000 (100.000)
Epoch: [13][120/123], lr: 0.00010	Time 0.315 (0.368)	Data 0.000 (0.022)	Loss 0.0001 (0.0633)	Prec@1 100.000 (98.244)	Prec@5 100.000 (100.000)
Test: [0/49]	Time 2.085 (2.085)	Loss 0.0910 (0.0910)	Prec@1 100.000 (100.000)	Prec@5 100.000 (100.000)
Test: [20/49]	Time 0.166 (0.273)	Loss 0.1870 (0.1035)	Prec@1 87.500 (96.429)	Prec@5 100.000 (100.000)
Test: [40/49]	Time 0.193 (0.216)	Loss 0.0001 (0.0973)	Prec@1 100.000 (96.646)	Prec@5 100.000 (100.000)
Testing Results: Prec@1 97.172 Prec@5 100.000 Loss 0.08228
Best Prec@1: 98.201

Epoch: [14][0/123], lr: 0.00010	Time 3.137 (3.137)	Data 2.732 (2.732)	Loss 0.0180 (0.0180)	Prec@1 100.000 (100.000)	Prec@5 100.000 (100.000)
Epoch: [14][20/123], lr: 0.00010	Time 0.364 (0.486)	Data 0.005 (0.131)	Loss 0.0107 (0.0072)	Prec@1 100.000 (100.000)	Prec@5 100.000 (100.000)
Epoch: [14][40/123], lr: 0.00010	Time 0.402 (0.423)	Data 0.005 (0.068)	Loss 0.0052 (0.0225)	Prec@1 100.000 (99.390)	Prec@5 100.000 (100.000)
Epoch: [14][60/123], lr: 0.00010	Time 0.298 (0.401)	Data 0.000 (0.046)	Loss 0.0012 (0.0290)	Prec@1 100.000 (98.975)	Prec@5 100.000 (100.000)
Epoch: [14][80/123], lr: 0.00010	Time 0.323 (0.387)	Data 0.000 (0.034)	Loss 0.0000 (0.0448)	Prec@1 100.000 (98.611)	Prec@5 100.000 (100.000)
Epoch: [14][100/123], lr: 0.00010	Time 0.341 (0.383)	Data 0.000 (0.028)	Loss 0.6090 (0.0471)	Prec@1 87.500 (98.639)	Prec@5 100.000 (100.000)
Epoch: [14][120/123], lr: 0.00010	Time 0.312 (0.374)	Data 0.000 (0.023)	Loss 0.0000 (0.0464)	Prec@1 100.000 (98.554)	Prec@5 100.000 (100.000)
Test: [0/49]	Time 2.099 (2.099)	Loss 0.0147 (0.0147)	Prec@1 100.000 (100.000)	Prec@5 100.000 (100.000)
Test: [20/49]	Time 0.221 (0.267)	Loss 1.6152 (0.0972)	Prec@1 62.500 (97.024)	Prec@5 100.000 (100.000)
Test: [40/49]	Time 0.143 (0.210)	Loss 0.0000 (0.0968)	Prec@1 100.000 (96.646)	Prec@5 100.000 (100.000)
Testing Results: Prec@1 97.172 Prec@5 100.000 Loss 0.08182
Best Prec@1: 98.201

Epoch: [15][0/123], lr: 0.00010	Time 2.979 (2.979)	Data 2.499 (2.499)	Loss 0.0000 (0.0000)	Prec@1 100.000 (100.000)	Prec@5 100.000 (100.000)
Epoch: [15][20/123], lr: 0.00010	Time 0.279 (0.473)	Data 0.000 (0.120)	Loss 0.0000 (0.0377)	Prec@1 100.000 (98.214)	Prec@5 100.000 (100.000)
Epoch: [15][40/123], lr: 0.00010	Time 0.354 (0.410)	Data 0.000 (0.062)	Loss 0.0115 (0.0470)	Prec@1 100.000 (98.476)	Prec@5 100.000 (100.000)
Epoch: [15][60/123], lr: 0.00010	Time 0.297 (0.385)	Data 0.000 (0.042)	Loss 0.0091 (0.1024)	Prec@1 100.000 (97.541)	Prec@5 100.000 (100.000)
Epoch: [15][80/123], lr: 0.00010	Time 0.289 (0.379)	Data 0.000 (0.032)	Loss 0.0000 (0.0790)	Prec@1 100.000 (98.148)	Prec@5 100.000 (100.000)
Epoch: [15][100/123], lr: 0.00010	Time 0.321 (0.372)	Data 0.000 (0.026)	Loss 0.0000 (0.0841)	Prec@1 100.000 (98.144)	Prec@5 100.000 (100.000)
Epoch: [15][120/123], lr: 0.00010	Time 0.318 (0.366)	Data 0.000 (0.022)	Loss 0.0001 (0.0813)	Prec@1 100.000 (98.037)	Prec@5 100.000 (100.000)
Test: [0/49]	Time 2.078 (2.078)	Loss 0.0002 (0.0002)	Prec@1 100.000 (100.000)	Prec@5 100.000 (100.000)
Test: [20/49]	Time 0.207 (0.283)	Loss 0.3428 (0.0507)	Prec@1 75.000 (97.619)	Prec@5 100.000 (100.000)
Test: [40/49]	Time 0.135 (0.222)	Loss 0.0000 (0.1224)	Prec@1 100.000 (95.732)	Prec@5 100.000 (100.000)
Testing Results: Prec@1 96.401 Prec@5 100.000 Loss 0.10337
Best Prec@1: 98.201

Epoch: [16][0/123], lr: 0.00010	Time 2.650 (2.650)	Data 2.232 (2.232)	Loss 0.0899 (0.0899)	Prec@1 87.500 (87.500)	Prec@5 100.000 (100.000)
Epoch: [16][20/123], lr: 0.00010	Time 0.308 (0.462)	Data 0.000 (0.106)	Loss 0.0002 (0.1558)	Prec@1 100.000 (97.024)	Prec@5 100.000 (100.000)
Epoch: [16][40/123], lr: 0.00010	Time 0.350 (0.407)	Data 0.000 (0.055)	Loss 1.4647 (0.1454)	Prec@1 87.500 (97.256)	Prec@5 100.000 (100.000)
Epoch: [16][60/123], lr: 0.00010	Time 0.361 (0.388)	Data 0.000 (0.037)	Loss 0.0000 (0.1043)	Prec@1 100.000 (97.951)	Prec@5 100.000 (100.000)
Epoch: [16][80/123], lr: 0.00010	Time 0.395 (0.379)	Data 0.000 (0.028)	Loss 0.0003 (0.0812)	Prec@1 100.000 (98.302)	Prec@5 100.000 (100.000)
Epoch: [16][100/123], lr: 0.00010	Time 0.324 (0.370)	Data 0.000 (0.022)	Loss 0.0001 (0.0815)	Prec@1 100.000 (98.267)	Prec@5 100.000 (100.000)
Epoch: [16][120/123], lr: 0.00010	Time 0.311 (0.362)	Data 0.000 (0.019)	Loss 0.0000 (0.0681)	Prec@1 100.000 (98.554)	Prec@5 100.000 (100.000)
Test: [0/49]	Time 1.803 (1.803)	Loss 0.0037 (0.0037)	Prec@1 100.000 (100.000)	Prec@5 100.000 (100.000)
Test: [20/49]	Time 0.132 (0.248)	Loss 0.4348 (0.0380)	Prec@1 87.500 (98.810)	Prec@5 100.000 (100.000)
Test: [40/49]	Time 0.089 (0.195)	Loss 0.0000 (0.1233)	Prec@1 100.000 (96.341)	Prec@5 100.000 (100.000)
Testing Results: Prec@1 96.915 Prec@5 100.000 Loss 0.10404
Best Prec@1: 98.201

Epoch: [17][0/123], lr: 0.00010	Time 3.138 (3.138)	Data 2.682 (2.682)	Loss 0.0265 (0.0265)	Prec@1 100.000 (100.000)	Prec@5 100.000 (100.000)
Epoch: [17][20/123], lr: 0.00010	Time 0.308 (0.491)	Data 0.000 (0.136)	Loss 0.0000 (0.0272)	Prec@1 100.000 (99.405)	Prec@5 100.000 (100.000)
Epoch: [17][40/123], lr: 0.00010	Time 0.432 (0.427)	Data 0.000 (0.070)	Loss 0.0000 (0.0453)	Prec@1 100.000 (98.780)	Prec@5 100.000 (100.000)
Epoch: [17][60/123], lr: 0.00010	Time 0.370 (0.402)	Data 0.000 (0.047)	Loss 0.0007 (0.0431)	Prec@1 100.000 (98.975)	Prec@5 100.000 (100.000)
Epoch: [17][80/123], lr: 0.00010	Time 0.396 (0.390)	Data 0.000 (0.035)	Loss 0.2323 (0.0387)	Prec@1 87.500 (98.920)	Prec@5 100.000 (100.000)
Epoch: [17][100/123], lr: 0.00010	Time 0.281 (0.379)	Data 0.000 (0.028)	Loss 0.0000 (0.0365)	Prec@1 100.000 (98.886)	Prec@5 100.000 (100.000)
Epoch: [17][120/123], lr: 0.00010	Time 0.343 (0.370)	Data 0.000 (0.024)	Loss 0.0000 (0.0448)	Prec@1 100.000 (98.760)	Prec@5 100.000 (100.000)
Test: [0/49]	Time 2.361 (2.361)	Loss 0.0000 (0.0000)	Prec@1 100.000 (100.000)	Prec@5 100.000 (100.000)
Test: [20/49]	Time 0.182 (0.276)	Loss 0.0202 (0.0058)	Prec@1 100.000 (100.000)	Prec@5 100.000 (100.000)
Test: [40/49]	Time 0.169 (0.211)	Loss 0.0001 (0.0374)	Prec@1 100.000 (98.476)	Prec@5 100.000 (100.000)
Testing Results: Prec@1 98.715 Prec@5 100.000 Loss 0.03181
Best Prec@1: 98.715

Epoch: [18][0/123], lr: 0.00010	Time 2.604 (2.604)	Data 2.280 (2.280)	Loss 0.0006 (0.0006)	Prec@1 100.000 (100.000)	Prec@5 100.000 (100.000)
Epoch: [18][20/123], lr: 0.00010	Time 0.349 (0.459)	Data 0.000 (0.110)	Loss 0.0000 (0.1598)	Prec@1 100.000 (98.214)	Prec@5 100.000 (100.000)
Epoch: [18][40/123], lr: 0.00010	Time 0.340 (0.404)	Data 0.000 (0.056)	Loss 0.0000 (0.0837)	Prec@1 100.000 (99.085)	Prec@5 100.000 (100.000)
Epoch: [18][60/123], lr: 0.00010	Time 0.347 (0.386)	Data 0.000 (0.038)	Loss 0.0032 (0.0840)	Prec@1 100.000 (98.770)	Prec@5 100.000 (100.000)
Epoch: [18][80/123], lr: 0.00010	Time 0.354 (0.377)	Data 0.004 (0.029)	Loss 0.0000 (0.0690)	Prec@1 100.000 (98.611)	Prec@5 100.000 (100.000)
Epoch: [18][100/123], lr: 0.00010	Time 0.315 (0.369)	Data 0.000 (0.023)	Loss 0.7558 (0.0700)	Prec@1 87.500 (98.639)	Prec@5 100.000 (100.000)
Epoch: [18][120/123], lr: 0.00010	Time 0.377 (0.361)	Data 0.000 (0.019)	Loss 0.0151 (0.0603)	Prec@1 100.000 (98.864)	Prec@5 100.000 (100.000)
Test: [0/49]	Time 2.549 (2.549)	Loss 0.0003 (0.0003)	Prec@1 100.000 (100.000)	Prec@5 100.000 (100.000)
Test: [20/49]	Time 0.116 (0.300)	Loss 0.0190 (0.0346)	Prec@1 100.000 (97.619)	Prec@5 100.000 (100.000)
Test: [40/49]	Time 0.159 (0.227)	Loss 0.0001 (0.0637)	Prec@1 100.000 (97.256)	Prec@5 100.000 (100.000)
Testing Results: Prec@1 97.686 Prec@5 100.000 Loss 0.05380
Best Prec@1: 98.715

Epoch: [19][0/123], lr: 0.00010	Time 2.733 (2.733)	Data 2.386 (2.386)	Loss 0.0299 (0.0299)	Prec@1 100.000 (100.000)	Prec@5 100.000 (100.000)
Epoch: [19][20/123], lr: 0.00010	Time 0.376 (0.465)	Data 0.004 (0.115)	Loss 0.0001 (0.0722)	Prec@1 100.000 (98.810)	Prec@5 100.000 (100.000)
Epoch: [19][40/123], lr: 0.00010	Time 0.354 (0.406)	Data 0.000 (0.059)	Loss 0.0004 (0.0551)	Prec@1 100.000 (99.085)	Prec@5 100.000 (100.000)
Epoch: [19][60/123], lr: 0.00010	Time 0.308 (0.387)	Data 0.000 (0.040)	Loss 0.0000 (0.0415)	Prec@1 100.000 (99.180)	Prec@5 100.000 (100.000)
Epoch: [19][80/123], lr: 0.00010	Time 0.332 (0.379)	Data 0.010 (0.030)	Loss 0.0000 (0.0384)	Prec@1 100.000 (99.228)	Prec@5 100.000 (100.000)
Epoch: [19][100/123], lr: 0.00010	Time 0.315 (0.369)	Data 0.000 (0.024)	Loss 0.0000 (0.0447)	Prec@1 100.000 (98.886)	Prec@5 100.000 (100.000)
Epoch: [19][120/123], lr: 0.00010	Time 0.327 (0.361)	Data 0.000 (0.020)	Loss 0.0002 (0.0471)	Prec@1 100.000 (98.864)	Prec@5 100.000 (100.000)
Test: [0/49]	Time 1.809 (1.809)	Loss 0.0001 (0.0001)	Prec@1 100.000 (100.000)	Prec@5 100.000 (100.000)
Test: [20/49]	Time 0.190 (0.260)	Loss 0.0118 (0.0395)	Prec@1 100.000 (98.214)	Prec@5 100.000 (100.000)
Test: [40/49]	Time 0.144 (0.199)	Loss 0.0000 (0.0579)	Prec@1 100.000 (96.646)	Prec@5 100.000 (100.000)
Testing Results: Prec@1 97.172 Prec@5 100.000 Loss 0.04887
Best Prec@1: 98.715

Epoch: [20][0/123], lr: 0.00001	Time 3.238 (3.238)	Data 2.678 (2.678)	Loss 0.0160 (0.0160)	Prec@1 100.000 (100.000)	Prec@5 100.000 (100.000)
Epoch: [20][20/123], lr: 0.00001	Time 0.375 (0.481)	Data 0.001 (0.128)	Loss 0.0001 (0.0039)	Prec@1 100.000 (100.000)	Prec@5 100.000 (100.000)
Epoch: [20][40/123], lr: 0.00001	Time 0.338 (0.415)	Data 0.000 (0.066)	Loss 0.0015 (0.0045)	Prec@1 100.000 (99.695)	Prec@5 100.000 (100.000)
Epoch: [20][60/123], lr: 0.00001	Time 0.371 (0.387)	Data 0.000 (0.044)	Loss 0.0000 (0.0146)	Prec@1 100.000 (99.180)	Prec@5 100.000 (100.000)
Epoch: [20][80/123], lr: 0.00001	Time 0.342 (0.374)	Data 0.000 (0.033)	Loss 0.0000 (0.0387)	Prec@1 100.000 (98.920)	Prec@5 100.000 (100.000)
Epoch: [20][100/123], lr: 0.00001	Time 0.292 (0.368)	Data 0.000 (0.027)	Loss 0.0000 (0.0316)	Prec@1 100.000 (99.134)	Prec@5 100.000 (100.000)
Epoch: [20][120/123], lr: 0.00001	Time 0.315 (0.364)	Data 0.000 (0.022)	Loss 0.0000 (0.0299)	Prec@1 100.000 (99.070)	Prec@5 100.000 (100.000)
Test: [0/49]	Time 2.153 (2.153)	Loss 0.0000 (0.0000)	Prec@1 100.000 (100.000)	Prec@5 100.000 (100.000)
Test: [20/49]	Time 0.166 (0.267)	Loss 0.1180 (0.0151)	Prec@1 87.500 (99.405)	Prec@5 100.000 (100.000)
Test: [40/49]	Time 0.155 (0.207)	Loss 0.0000 (0.0504)	Prec@1 100.000 (97.866)	Prec@5 100.000 (100.000)
Testing Results: Prec@1 98.201 Prec@5 100.000 Loss 0.04255
Best Prec@1: 98.715

Epoch: [21][0/123], lr: 0.00001	Time 1.936 (1.936)	Data 1.583 (1.583)	Loss 0.0010 (0.0010)	Prec@1 100.000 (100.000)	Prec@5 100.000 (100.000)
Epoch: [21][20/123], lr: 0.00001	Time 0.320 (0.466)	Data 0.000 (0.104)	Loss 0.0003 (0.0023)	Prec@1 100.000 (100.000)	Prec@5 100.000 (100.000)
Epoch: [21][40/123], lr: 0.00001	Time 0.313 (0.405)	Data 0.000 (0.054)	Loss 0.0001 (0.0015)	Prec@1 100.000 (100.000)	Prec@5 100.000 (100.000)
Epoch: [21][60/123], lr: 0.00001	Time 0.383 (0.384)	Data 0.000 (0.036)	Loss 0.0001 (0.0358)	Prec@1 100.000 (99.385)	Prec@5 100.000 (100.000)
Epoch: [21][80/123], lr: 0.00001	Time 0.348 (0.374)	Data 0.000 (0.027)	Loss 0.0008 (0.0334)	Prec@1 100.000 (99.228)	Prec@5 100.000 (100.000)
Epoch: [21][100/123], lr: 0.00001	Time 0.324 (0.367)	Data 0.000 (0.022)	Loss 0.4462 (0.0313)	Prec@1 87.500 (99.257)	Prec@5 100.000 (100.000)
Epoch: [21][120/123], lr: 0.00001	Time 0.322 (0.359)	Data 0.000 (0.018)	Loss 0.0078 (0.0351)	Prec@1 100.000 (99.174)	Prec@5 100.000 (100.000)
Test: [0/49]	Time 2.148 (2.148)	Loss 0.0000 (0.0000)	Prec@1 100.000 (100.000)	Prec@5 100.000 (100.000)
Test: [20/49]	Time 0.121 (0.261)	Loss 0.0615 (0.0210)	Prec@1 100.000 (99.405)	Prec@5 100.000 (100.000)
Test: [40/49]	Time 0.172 (0.198)	Loss 0.0000 (0.0548)	Prec@1 100.000 (97.256)	Prec@5 100.000 (100.000)
Testing Results: Prec@1 97.686 Prec@5 100.000 Loss 0.04622
Best Prec@1: 98.715

Epoch: [22][0/123], lr: 0.00001	Time 2.764 (2.764)	Data 2.382 (2.382)	Loss 0.0001 (0.0001)	Prec@1 100.000 (100.000)	Prec@5 100.000 (100.000)
Epoch: [22][20/123], lr: 0.00001	Time 0.280 (0.468)	Data 0.000 (0.114)	Loss 0.0003 (0.0115)	Prec@1 100.000 (99.405)	Prec@5 100.000 (100.000)
Epoch: [22][40/123], lr: 0.00001	Time 0.307 (0.410)	Data 0.000 (0.058)	Loss 0.0000 (0.0093)	Prec@1 100.000 (99.695)	Prec@5 100.000 (100.000)
Epoch: [22][60/123], lr: 0.00001	Time 0.283 (0.389)	Data 0.000 (0.040)	Loss 0.0020 (0.0103)	Prec@1 100.000 (99.590)	Prec@5 100.000 (100.000)
Epoch: [22][80/123], lr: 0.00001	Time 0.343 (0.379)	Data 0.000 (0.030)	Loss 0.0008 (0.0079)	Prec@1 100.000 (99.691)	Prec@5 100.000 (100.000)
Epoch: [22][100/123], lr: 0.00001	Time 0.342 (0.372)	Data 0.000 (0.024)	Loss 0.0214 (0.0150)	Prec@1 100.000 (99.505)	Prec@5 100.000 (100.000)
Epoch: [22][120/123], lr: 0.00001	Time 0.301 (0.363)	Data 0.000 (0.020)	Loss 0.0000 (0.0136)	Prec@1 100.000 (99.483)	Prec@5 100.000 (100.000)
Test: [0/49]	Time 2.105 (2.105)	Loss 0.0000 (0.0000)	Prec@1 100.000 (100.000)	Prec@5 100.000 (100.000)
Test: [20/49]	Time 0.172 (0.272)	Loss 0.0229 (0.0105)	Prec@1 100.000 (100.000)	Prec@5 100.000 (100.000)
Test: [40/49]	Time 0.182 (0.209)	Loss 0.0000 (0.0579)	Prec@1 100.000 (97.561)	Prec@5 100.000 (100.000)
Testing Results: Prec@1 97.943 Prec@5 100.000 Loss 0.04887
Best Prec@1: 98.715

Epoch: [23][0/123], lr: 0.00001	Time 2.272 (2.272)	Data 1.874 (1.874)	Loss 0.0002 (0.0002)	Prec@1 100.000 (100.000)	Prec@5 100.000 (100.000)
Epoch: [23][20/123], lr: 0.00001	Time 0.302 (0.447)	Data 0.000 (0.090)	Loss 0.0000 (0.0172)	Prec@1 100.000 (99.405)	Prec@5 100.000 (100.000)
Epoch: [23][40/123], lr: 0.00001	Time 0.314 (0.392)	Data 0.000 (0.046)	Loss 0.8449 (0.0334)	Prec@1 87.500 (99.085)	Prec@5 100.000 (100.000)
Epoch: [23][60/123], lr: 0.00001	Time 0.364 (0.378)	Data 0.000 (0.031)	Loss 0.0000 (0.0234)	Prec@1 100.000 (99.385)	Prec@5 100.000 (100.000)
Epoch: [23][80/123], lr: 0.00001	Time 0.369 (0.366)	Data 0.000 (0.023)	Loss 0.0001 (0.0275)	Prec@1 100.000 (99.383)	Prec@5 100.000 (100.000)
Epoch: [23][100/123], lr: 0.00001	Time 0.296 (0.358)	Data 0.000 (0.019)	Loss 0.0001 (0.0345)	Prec@1 100.000 (99.134)	Prec@5 100.000 (100.000)
Epoch: [23][120/123], lr: 0.00001	Time 0.384 (0.354)	Data 0.000 (0.016)	Loss 0.0001 (0.0332)	Prec@1 100.000 (98.967)	Prec@5 100.000 (100.000)
Test: [0/49]	Time 2.241 (2.241)	Loss 0.0000 (0.0000)	Prec@1 100.000 (100.000)	Prec@5 100.000 (100.000)
Test: [20/49]	Time 0.115 (0.275)	Loss 0.0598 (0.0217)	Prec@1 100.000 (99.405)	Prec@5 100.000 (100.000)
Test: [40/49]	Time 0.163 (0.212)	Loss 0.0000 (0.0576)	Prec@1 100.000 (97.256)	Prec@5 100.000 (100.000)
Testing Results: Prec@1 97.686 Prec@5 100.000 Loss 0.04858
Best Prec@1: 98.715

Epoch: [24][0/123], lr: 0.00001	Time 2.463 (2.463)	Data 2.007 (2.007)	Loss 0.0021 (0.0021)	Prec@1 100.000 (100.000)	Prec@5 100.000 (100.000)
Epoch: [24][20/123], lr: 0.00001	Time 0.345 (0.462)	Data 0.000 (0.096)	Loss 0.0009 (0.0398)	Prec@1 100.000 (99.405)	Prec@5 100.000 (100.000)
Epoch: [24][40/123], lr: 0.00001	Time 0.370 (0.407)	Data 0.000 (0.049)	Loss 0.1067 (0.0240)	Prec@1 100.000 (99.695)	Prec@5 100.000 (100.000)
Epoch: [24][60/123], lr: 0.00001	Time 0.309 (0.383)	Data 0.000 (0.033)	Loss 0.1876 (0.0222)	Prec@1 87.500 (99.385)	Prec@5 100.000 (100.000)
Epoch: [24][80/123], lr: 0.00001	Time 0.355 (0.374)	Data 0.000 (0.025)	Loss 0.0016 (0.0338)	Prec@1 100.000 (99.074)	Prec@5 100.000 (100.000)
Epoch: [24][100/123], lr: 0.00001	Time 0.303 (0.365)	Data 0.000 (0.020)	Loss 0.0002 (0.0451)	Prec@1 100.000 (98.886)	Prec@5 100.000 (100.000)
Epoch: [24][120/123], lr: 0.00001	Time 0.369 (0.359)	Data 0.000 (0.017)	Loss 0.0001 (0.0378)	Prec@1 100.000 (99.070)	Prec@5 100.000 (100.000)
Test: [0/49]	Time 3.199 (3.199)	Loss 0.0000 (0.0000)	Prec@1 100.000 (100.000)	Prec@5 100.000 (100.000)
Test: [20/49]	Time 0.147 (0.304)	Loss 0.0978 (0.0117)	Prec@1 87.500 (99.405)	Prec@5 100.000 (100.000)
Test: [40/49]	Time 0.159 (0.222)	Loss 0.0000 (0.0503)	Prec@1 100.000 (97.866)	Prec@5 100.000 (100.000)
Testing Results: Prec@1 98.201 Prec@5 100.000 Loss 0.04247
Best Prec@1: 98.715

Epoch: [25][0/123], lr: 0.00001	Time 2.796 (2.796)	Data 2.416 (2.416)	Loss 0.0207 (0.0207)	Prec@1 100.000 (100.000)	Prec@5 100.000 (100.000)
Epoch: [25][20/123], lr: 0.00001	Time 0.302 (0.469)	Data 0.000 (0.115)	Loss 0.0000 (0.0045)	Prec@1 100.000 (100.000)	Prec@5 100.000 (100.000)
Epoch: [25][40/123], lr: 0.00001	Time 0.346 (0.410)	Data 0.000 (0.059)	Loss 0.3628 (0.0145)	Prec@1 87.500 (99.695)	Prec@5 100.000 (100.000)
Epoch: [25][60/123], lr: 0.00001	Time 0.348 (0.389)	Data 0.000 (0.040)	Loss 0.0000 (0.0146)	Prec@1 100.000 (99.590)	Prec@5 100.000 (100.000)
Epoch: [25][80/123], lr: 0.00001	Time 0.327 (0.377)	Data 0.000 (0.030)	Loss 0.0001 (0.0120)	Prec@1 100.000 (99.691)	Prec@5 100.000 (100.000)
Epoch: [25][100/123], lr: 0.00001	Time 0.348 (0.367)	Data 0.000 (0.024)	Loss 0.0000 (0.0097)	Prec@1 100.000 (99.752)	Prec@5 100.000 (100.000)
Epoch: [25][120/123], lr: 0.00001	Time 0.355 (0.358)	Data 0.000 (0.020)	Loss 0.0000 (0.0088)	Prec@1 100.000 (99.793)	Prec@5 100.000 (100.000)
Test: [0/49]	Time 2.167 (2.167)	Loss 0.0000 (0.0000)	Prec@1 100.000 (100.000)	Prec@5 100.000 (100.000)
Test: [20/49]	Time 0.124 (0.278)	Loss 0.2305 (0.0157)	Prec@1 87.500 (99.405)	Prec@5 100.000 (100.000)
Test: [40/49]	Time 0.128 (0.217)	Loss 0.0000 (0.0512)	Prec@1 100.000 (97.561)	Prec@5 100.000 (100.000)
Testing Results: Prec@1 97.943 Prec@5 100.000 Loss 0.04317
Best Prec@1: 98.715

Epoch: [26][0/123], lr: 0.00001	Time 2.823 (2.823)	Data 2.456 (2.456)	Loss 0.0000 (0.0000)	Prec@1 100.000 (100.000)	Prec@5 100.000 (100.000)
Epoch: [26][20/123], lr: 0.00001	Time 0.366 (0.471)	Data 0.000 (0.117)	Loss 0.1002 (0.0100)	Prec@1 100.000 (100.000)	Prec@5 100.000 (100.000)
Epoch: [26][40/123], lr: 0.00001	Time 0.341 (0.412)	Data 0.000 (0.060)	Loss 0.0000 (0.0124)	Prec@1 100.000 (99.695)	Prec@5 100.000 (100.000)
Epoch: [26][60/123], lr: 0.00001	Time 0.351 (0.387)	Data 0.000 (0.041)	Loss 0.0006 (0.0137)	Prec@1 100.000 (99.590)	Prec@5 100.000 (100.000)
Epoch: [26][80/123], lr: 0.00001	Time 0.281 (0.373)	Data 0.000 (0.031)	Loss 0.0061 (0.0161)	Prec@1 100.000 (99.537)	Prec@5 100.000 (100.000)
Epoch: [26][100/123], lr: 0.00001	Time 0.349 (0.365)	Data 0.000 (0.025)	Loss 0.0004 (0.0156)	Prec@1 100.000 (99.505)	Prec@5 100.000 (100.000)
Epoch: [26][120/123], lr: 0.00001	Time 0.276 (0.357)	Data 0.000 (0.021)	Loss 0.0000 (0.0149)	Prec@1 100.000 (99.483)	Prec@5 100.000 (100.000)
Test: [0/49]	Time 1.657 (1.657)	Loss 0.0000 (0.0000)	Prec@1 100.000 (100.000)	Prec@5 100.000 (100.000)
Test: [20/49]	Time 0.133 (0.252)	Loss 0.1185 (0.0190)	Prec@1 87.500 (98.810)	Prec@5 100.000 (100.000)
Test: [40/49]	Time 0.136 (0.201)	Loss 0.0000 (0.0459)	Prec@1 100.000 (97.256)	Prec@5 100.000 (100.000)
Testing Results: Prec@1 97.686 Prec@5 100.000 Loss 0.03873
Best Prec@1: 98.715

Epoch: [27][0/123], lr: 0.00001	Time 1.952 (1.952)	Data 1.574 (1.574)	Loss 0.0001 (0.0001)	Prec@1 100.000 (100.000)	Prec@5 100.000 (100.000)
Epoch: [27][20/123], lr: 0.00001	Time 0.294 (0.436)	Data 0.000 (0.079)	Loss 0.0000 (0.0013)	Prec@1 100.000 (100.000)	Prec@5 100.000 (100.000)
Epoch: [27][40/123], lr: 0.00001	Time 0.315 (0.390)	Data 0.000 (0.041)	Loss 0.0695 (0.0054)	Prec@1 100.000 (100.000)	Prec@5 100.000 (100.000)
Epoch: [27][60/123], lr: 0.00001	Time 0.316 (0.376)	Data 0.000 (0.028)	Loss 0.0002 (0.0244)	Prec@1 100.000 (99.795)	Prec@5 100.000 (100.000)
Epoch: [27][80/123], lr: 0.00001	Time 0.330 (0.366)	Data 0.000 (0.021)	Loss 0.0000 (0.0268)	Prec@1 100.000 (99.537)	Prec@5 100.000 (100.000)
Epoch: [27][100/123], lr: 0.00001	Time 0.358 (0.359)	Data 0.000 (0.017)	Loss 0.0000 (0.0367)	Prec@1 100.000 (99.257)	Prec@5 100.000 (100.000)
Epoch: [27][120/123], lr: 0.00001	Time 0.325 (0.354)	Data 0.000 (0.014)	Loss 0.0007 (0.0353)	Prec@1 100.000 (99.277)	Prec@5 100.000 (100.000)
Test: [0/49]	Time 1.771 (1.771)	Loss 0.0000 (0.0000)	Prec@1 100.000 (100.000)	Prec@5 100.000 (100.000)
Test: [20/49]	Time 0.161 (0.272)	Loss 0.0975 (0.0116)	Prec@1 87.500 (99.405)	Prec@5 100.000 (100.000)
Test: [40/49]	Time 0.116 (0.209)	Loss 0.0000 (0.0373)	Prec@1 100.000 (97.561)	Prec@5 100.000 (100.000)
Testing Results: Prec@1 97.943 Prec@5 100.000 Loss 0.03149
Best Prec@1: 98.715

Epoch: [28][0/123], lr: 0.00001	Time 2.109 (2.109)	Data 1.691 (1.691)	Loss 0.0000 (0.0000)	Prec@1 100.000 (100.000)	Prec@5 100.000 (100.000)
Epoch: [28][20/123], lr: 0.00001	Time 0.378 (0.429)	Data 0.000 (0.081)	Loss 0.0019 (0.0147)	Prec@1 100.000 (99.405)	Prec@5 100.000 (100.000)
Epoch: [28][40/123], lr: 0.00001	Time 0.304 (0.384)	Data 0.000 (0.042)	Loss 0.0001 (0.0132)	Prec@1 100.000 (99.390)	Prec@5 100.000 (100.000)
Epoch: [28][60/123], lr: 0.00001	Time 0.348 (0.367)	Data 0.000 (0.028)	Loss 0.0019 (0.0245)	Prec@1 100.000 (99.180)	Prec@5 100.000 (100.000)
Epoch: [28][80/123], lr: 0.00001	Time 0.300 (0.362)	Data 0.000 (0.021)	Loss 0.0063 (0.0188)	Prec@1 100.000 (99.383)	Prec@5 100.000 (100.000)
Epoch: [28][100/123], lr: 0.00001	Time 0.378 (0.355)	Data 0.000 (0.017)	Loss 0.0001 (0.0174)	Prec@1 100.000 (99.381)	Prec@5 100.000 (100.000)
Epoch: [28][120/123], lr: 0.00001	Time 0.350 (0.350)	Data 0.000 (0.014)	Loss 0.0029 (0.0149)	Prec@1 100.000 (99.483)	Prec@5 100.000 (100.000)
Test: [0/49]	Time 2.412 (2.412)	Loss 0.0000 (0.0000)	Prec@1 100.000 (100.000)	Prec@5 100.000 (100.000)
Test: [20/49]	Time 0.158 (0.289)	Loss 0.1846 (0.0151)	Prec@1 87.500 (99.405)	Prec@5 100.000 (100.000)
Test: [40/49]	Time 0.084 (0.219)	Loss 0.0000 (0.0469)	Prec@1 100.000 (97.561)	Prec@5 100.000 (100.000)
Testing Results: Prec@1 97.943 Prec@5 100.000 Loss 0.03962
Best Prec@1: 98.715

Epoch: [29][0/123], lr: 0.00001	Time 2.126 (2.126)	Data 1.742 (1.742)	Loss 0.0000 (0.0000)	Prec@1 100.000 (100.000)	Prec@5 100.000 (100.000)
Epoch: [29][20/123], lr: 0.00001	Time 0.342 (0.418)	Data 0.000 (0.087)	Loss 0.0008 (0.0002)	Prec@1 100.000 (100.000)	Prec@5 100.000 (100.000)
Epoch: [29][40/123], lr: 0.00001	Time 0.342 (0.384)	Data 0.000 (0.046)	Loss 0.0000 (0.0221)	Prec@1 100.000 (99.390)	Prec@5 100.000 (100.000)
Epoch: [29][60/123], lr: 0.00001	Time 0.317 (0.370)	Data 0.000 (0.031)	Loss 0.0001 (0.0174)	Prec@1 100.000 (99.385)	Prec@5 100.000 (100.000)
Epoch: [29][80/123], lr: 0.00001	Time 0.310 (0.359)	Data 0.000 (0.023)	Loss 0.0000 (0.0157)	Prec@1 100.000 (99.383)	Prec@5 100.000 (100.000)
Epoch: [29][100/123], lr: 0.00001	Time 0.281 (0.355)	Data 0.000 (0.019)	Loss 0.0000 (0.0127)	Prec@1 100.000 (99.505)	Prec@5 100.000 (100.000)
Epoch: [29][120/123], lr: 0.00001	Time 0.274 (0.351)	Data 0.000 (0.016)	Loss 0.0000 (0.0117)	Prec@1 100.000 (99.587)	Prec@5 100.000 (100.000)
Test: [0/49]	Time 2.221 (2.221)	Loss 0.0000 (0.0000)	Prec@1 100.000 (100.000)	Prec@5 100.000 (100.000)
Test: [20/49]	Time 0.182 (0.274)	Loss 0.1636 (0.0125)	Prec@1 87.500 (99.405)	Prec@5 100.000 (100.000)
Test: [40/49]	Time 0.125 (0.211)	Loss 0.0000 (0.0404)	Prec@1 100.000 (97.866)	Prec@5 100.000 (100.000)
Testing Results: Prec@1 98.201 Prec@5 100.000 Loss 0.03407
Best Prec@1: 98.715

Epoch: [30][0/123], lr: 0.00001	Time 2.294 (2.294)	Data 1.802 (1.802)	Loss 0.0000 (0.0000)	Prec@1 100.000 (100.000)	Prec@5 100.000 (100.000)
Epoch: [30][20/123], lr: 0.00001	Time 0.330 (0.441)	Data 0.000 (0.086)	Loss 0.0000 (0.0004)	Prec@1 100.000 (100.000)	Prec@5 100.000 (100.000)
Epoch: [30][40/123], lr: 0.00001	Time 0.437 (0.397)	Data 0.000 (0.044)	Loss 0.5320 (0.0132)	Prec@1 87.500 (99.695)	Prec@5 100.000 (100.000)
Epoch: [30][60/123], lr: 0.00001	Time 0.285 (0.377)	Data 0.000 (0.030)	Loss 0.0000 (0.0159)	Prec@1 100.000 (99.385)	Prec@5 100.000 (100.000)
Epoch: [30][80/123], lr: 0.00001	Time 0.378 (0.368)	Data 0.000 (0.023)	Loss 0.0002 (0.0257)	Prec@1 100.000 (99.228)	Prec@5 100.000 (100.000)
Epoch: [30][100/123], lr: 0.00001	Time 0.334 (0.361)	Data 0.000 (0.018)	Loss 0.0000 (0.0303)	Prec@1 100.000 (99.134)	Prec@5 100.000 (100.000)
Epoch: [30][120/123], lr: 0.00001	Time 0.307 (0.354)	Data 0.000 (0.015)	Loss 0.0000 (0.0256)	Prec@1 100.000 (99.277)	Prec@5 100.000 (100.000)
Test: [0/49]	Time 1.946 (1.946)	Loss 0.0000 (0.0000)	Prec@1 100.000 (100.000)	Prec@5 100.000 (100.000)
Test: [20/49]	Time 0.190 (0.253)	Loss 0.1159 (0.0183)	Prec@1 87.500 (98.810)	Prec@5 100.000 (100.000)
Test: [40/49]	Time 0.159 (0.203)	Loss 0.0000 (0.0463)	Prec@1 100.000 (97.561)	Prec@5 100.000 (100.000)
Testing Results: Prec@1 97.943 Prec@5 100.000 Loss 0.03907
Best Prec@1: 98.715

Epoch: [31][0/123], lr: 0.00001	Time 2.868 (2.868)	Data 2.422 (2.422)	Loss 0.0043 (0.0043)	Prec@1 100.000 (100.000)	Prec@5 100.000 (100.000)
Epoch: [31][20/123], lr: 0.00001	Time 0.364 (0.478)	Data 0.005 (0.116)	Loss 0.0000 (0.0068)	Prec@1 100.000 (99.405)	Prec@5 100.000 (100.000)
Epoch: [31][40/123], lr: 0.00001	Time 0.346 (0.412)	Data 0.000 (0.059)	Loss 0.0007 (0.0205)	Prec@1 100.000 (99.390)	Prec@5 100.000 (100.000)
Epoch: [31][60/123], lr: 0.00001	Time 0.353 (0.393)	Data 0.000 (0.040)	Loss 0.0001 (0.0304)	Prec@1 100.000 (99.180)	Prec@5 100.000 (100.000)
Epoch: [31][80/123], lr: 0.00001	Time 0.348 (0.379)	Data 0.000 (0.030)	Loss 0.0000 (0.0277)	Prec@1 100.000 (99.228)	Prec@5 100.000 (100.000)
Epoch: [31][100/123], lr: 0.00001	Time 0.299 (0.368)	Data 0.000 (0.024)	Loss 0.0000 (0.0226)	Prec@1 100.000 (99.381)	Prec@5 100.000 (100.000)
Epoch: [31][120/123], lr: 0.00001	Time 0.368 (0.359)	Data 0.000 (0.020)	Loss 0.0000 (0.0189)	Prec@1 100.000 (99.483)	Prec@5 100.000 (100.000)
Test: [0/49]	Time 2.313 (2.313)	Loss 0.0000 (0.0000)	Prec@1 100.000 (100.000)	Prec@5 100.000 (100.000)
Test: [20/49]	Time 0.182 (0.274)	Loss 0.0703 (0.0095)	Prec@1 100.000 (100.000)	Prec@5 100.000 (100.000)
Test: [40/49]	Time 0.092 (0.207)	Loss 0.0000 (0.0354)	Prec@1 100.000 (97.866)	Prec@5 100.000 (100.000)
Testing Results: Prec@1 98.201 Prec@5 100.000 Loss 0.02988
Best Prec@1: 98.715

Epoch: [32][0/123], lr: 0.00001	Time 2.767 (2.767)	Data 2.407 (2.407)	Loss 0.0000 (0.0000)	Prec@1 100.000 (100.000)	Prec@5 100.000 (100.000)
Epoch: [32][20/123], lr: 0.00001	Time 0.343 (0.458)	Data 0.000 (0.115)	Loss 0.0001 (0.0542)	Prec@1 100.000 (98.810)	Prec@5 100.000 (100.000)
Epoch: [32][40/123], lr: 0.00001	Time 0.352 (0.404)	Data 0.000 (0.059)	Loss 0.0000 (0.0288)	Prec@1 100.000 (99.390)	Prec@5 100.000 (100.000)
Epoch: [32][60/123], lr: 0.00001	Time 0.276 (0.380)	Data 0.000 (0.040)	Loss 0.0000 (0.0217)	Prec@1 100.000 (99.385)	Prec@5 100.000 (100.000)
Epoch: [32][80/123], lr: 0.00001	Time 0.307 (0.370)	Data 0.000 (0.030)	Loss 0.0009 (0.0226)	Prec@1 100.000 (99.228)	Prec@5 100.000 (100.000)
Epoch: [32][100/123], lr: 0.00001	Time 0.335 (0.368)	Data 0.000 (0.024)	Loss 0.0000 (0.0249)	Prec@1 100.000 (99.257)	Prec@5 100.000 (100.000)
Epoch: [32][120/123], lr: 0.00001	Time 0.325 (0.361)	Data 0.000 (0.020)	Loss 0.0000 (0.0217)	Prec@1 100.000 (99.380)	Prec@5 100.000 (100.000)
Test: [0/49]	Time 2.470 (2.470)	Loss 0.0000 (0.0000)	Prec@1 100.000 (100.000)	Prec@5 100.000 (100.000)
Test: [20/49]	Time 0.179 (0.290)	Loss 0.1270 (0.0092)	Prec@1 87.500 (99.405)	Prec@5 100.000 (100.000)
Test: [40/49]	Time 0.144 (0.227)	Loss 0.0000 (0.0384)	Prec@1 100.000 (97.561)	Prec@5 100.000 (100.000)
Testing Results: Prec@1 97.943 Prec@5 100.000 Loss 0.03245
Best Prec@1: 98.715

Epoch: [33][0/123], lr: 0.00001	Time 3.001 (3.001)	Data 2.636 (2.636)	Loss 0.0000 (0.0000)	Prec@1 100.000 (100.000)	Prec@5 100.000 (100.000)
Epoch: [33][20/123], lr: 0.00001	Time 0.374 (0.502)	Data 0.000 (0.126)	Loss 0.0001 (0.0182)	Prec@1 100.000 (99.405)	Prec@5 100.000 (100.000)
Epoch: [33][40/123], lr: 0.00001	Time 0.350 (0.416)	Data 0.000 (0.065)	Loss 0.0000 (0.0107)	Prec@1 100.000 (99.695)	Prec@5 100.000 (100.000)
Epoch: [33][60/123], lr: 0.00001	Time 0.324 (0.394)	Data 0.000 (0.044)	Loss 0.0000 (0.0198)	Prec@1 100.000 (99.385)	Prec@5 100.000 (100.000)
Epoch: [33][80/123], lr: 0.00001	Time 0.318 (0.383)	Data 0.000 (0.033)	Loss 0.0000 (0.0192)	Prec@1 100.000 (99.383)	Prec@5 100.000 (100.000)
Epoch: [33][100/123], lr: 0.00001	Time 0.292 (0.372)	Data 0.000 (0.027)	Loss 0.0000 (0.0211)	Prec@1 100.000 (99.381)	Prec@5 100.000 (100.000)
Epoch: [33][120/123], lr: 0.00001	Time 0.352 (0.367)	Data 0.000 (0.022)	Loss 0.0002 (0.0203)	Prec@1 100.000 (99.380)	Prec@5 100.000 (100.000)
Test: [0/49]	Time 2.319 (2.319)	Loss 0.0000 (0.0000)	Prec@1 100.000 (100.000)	Prec@5 100.000 (100.000)
Test: [20/49]	Time 0.175 (0.276)	Loss 0.0801 (0.0164)	Prec@1 100.000 (99.405)	Prec@5 100.000 (100.000)
Test: [40/49]	Time 0.168 (0.215)	Loss 0.0000 (0.0430)	Prec@1 100.000 (97.866)	Prec@5 100.000 (100.000)
Testing Results: Prec@1 98.201 Prec@5 100.000 Loss 0.03625
Best Prec@1: 98.715

Epoch: [34][0/123], lr: 0.00001	Time 2.391 (2.391)	Data 1.951 (1.951)	Loss 0.0000 (0.0000)	Prec@1 100.000 (100.000)	Prec@5 100.000 (100.000)
Epoch: [34][20/123], lr: 0.00001	Time 0.344 (0.462)	Data 0.000 (0.093)	Loss 0.0000 (0.0151)	Prec@1 100.000 (99.405)	Prec@5 100.000 (100.000)
Epoch: [34][40/123], lr: 0.00001	Time 0.411 (0.402)	Data 0.000 (0.048)	Loss 0.0003 (0.0243)	Prec@1 100.000 (99.390)	Prec@5 100.000 (100.000)
Epoch: [34][60/123], lr: 0.00001	Time 0.353 (0.381)	Data 0.000 (0.032)	Loss 0.0000 (0.0171)	Prec@1 100.000 (99.590)	Prec@5 100.000 (100.000)
Epoch: [34][80/123], lr: 0.00001	Time 0.327 (0.373)	Data 0.000 (0.025)	Loss 0.0002 (0.0183)	Prec@1 100.000 (99.537)	Prec@5 100.000 (100.000)
Epoch: [34][100/123], lr: 0.00001	Time 0.282 (0.365)	Data 0.000 (0.020)	Loss 0.0034 (0.0194)	Prec@1 100.000 (99.505)	Prec@5 100.000 (100.000)
Epoch: [34][120/123], lr: 0.00001	Time 0.313 (0.359)	Data 0.000 (0.016)	Loss 0.0143 (0.0171)	Prec@1 100.000 (99.587)	Prec@5 100.000 (100.000)
Test: [0/49]	Time 1.857 (1.857)	Loss 0.0000 (0.0000)	Prec@1 100.000 (100.000)	Prec@5 100.000 (100.000)
Test: [20/49]	Time 0.139 (0.249)	Loss 0.1161 (0.0185)	Prec@1 87.500 (98.810)	Prec@5 100.000 (100.000)
Test: [40/49]	Time 0.215 (0.196)	Loss 0.0000 (0.0412)	Prec@1 100.000 (97.561)	Prec@5 100.000 (100.000)
Testing Results: Prec@1 97.943 Prec@5 100.000 Loss 0.03473
Best Prec@1: 98.715

Epoch: [35][0/123], lr: 0.00001	Time 2.390 (2.390)	Data 1.981 (1.981)	Loss 0.0083 (0.0083)	Prec@1 100.000 (100.000)	Prec@5 100.000 (100.000)
Epoch: [35][20/123], lr: 0.00001	Time 0.313 (0.462)	Data 0.000 (0.095)	Loss 0.0000 (0.0081)	Prec@1 100.000 (99.405)	Prec@5 100.000 (100.000)
Epoch: [35][40/123], lr: 0.00001	Time 0.342 (0.410)	Data 0.001 (0.049)	Loss 0.0003 (0.0046)	Prec@1 100.000 (99.695)	Prec@5 100.000 (100.000)
Epoch: [35][60/123], lr: 0.00001	Time 0.317 (0.388)	Data 0.000 (0.033)	Loss 0.0003 (0.0133)	Prec@1 100.000 (99.590)	Prec@5 100.000 (100.000)
Epoch: [35][80/123], lr: 0.00001	Time 0.318 (0.377)	Data 0.000 (0.025)	Loss 0.0000 (0.0271)	Prec@1 100.000 (99.074)	Prec@5 100.000 (100.000)
Epoch: [35][100/123], lr: 0.00001	Time 0.333 (0.366)	Data 0.000 (0.020)	Loss 0.0000 (0.0218)	Prec@1 100.000 (99.257)	Prec@5 100.000 (100.000)
Epoch: [35][120/123], lr: 0.00001	Time 0.298 (0.362)	Data 0.000 (0.017)	Loss 0.0001 (0.0190)	Prec@1 100.000 (99.380)	Prec@5 100.000 (100.000)
Test: [0/49]	Time 2.463 (2.463)	Loss 0.0000 (0.0000)	Prec@1 100.000 (100.000)	Prec@5 100.000 (100.000)
Test: [20/49]	Time 0.176 (0.268)	Loss 0.1342 (0.0181)	Prec@1 87.500 (99.405)	Prec@5 100.000 (100.000)
Test: [40/49]	Time 0.132 (0.209)	Loss 0.0000 (0.0370)	Prec@1 100.000 (98.171)	Prec@5 100.000 (100.000)
Testing Results: Prec@1 98.458 Prec@5 100.000 Loss 0.03127
Best Prec@1: 98.715

Epoch: [36][0/123], lr: 0.00001	Time 2.392 (2.392)	Data 1.957 (1.957)	Loss 0.0002 (0.0002)	Prec@1 100.000 (100.000)	Prec@5 100.000 (100.000)
Epoch: [36][20/123], lr: 0.00001	Time 0.336 (0.450)	Data 0.000 (0.093)	Loss 0.0001 (0.0154)	Prec@1 100.000 (99.405)	Prec@5 100.000 (100.000)
Epoch: [36][40/123], lr: 0.00001	Time 0.325 (0.396)	Data 0.000 (0.048)	Loss 0.0001 (0.0294)	Prec@1 100.000 (98.780)	Prec@5 100.000 (100.000)
Epoch: [36][60/123], lr: 0.00001	Time 0.422 (0.383)	Data 0.000 (0.033)	Loss 0.0000 (0.0266)	Prec@1 100.000 (98.770)	Prec@5 100.000 (100.000)
Epoch: [36][80/123], lr: 0.00001	Time 0.315 (0.372)	Data 0.000 (0.025)	Loss 0.3558 (0.0252)	Prec@1 87.500 (98.920)	Prec@5 100.000 (100.000)
Epoch: [36][100/123], lr: 0.00001	Time 0.313 (0.365)	Data 0.000 (0.020)	Loss 0.0292 (0.0220)	Prec@1 100.000 (99.010)	Prec@5 100.000 (100.000)
Epoch: [36][120/123], lr: 0.00001	Time 0.335 (0.360)	Data 0.000 (0.017)	Loss 0.0000 (0.0191)	Prec@1 100.000 (99.174)	Prec@5 100.000 (100.000)
Test: [0/49]	Time 1.540 (1.540)	Loss 0.0000 (0.0000)	Prec@1 100.000 (100.000)	Prec@5 100.000 (100.000)
Test: [20/49]	Time 0.168 (0.255)	Loss 0.0314 (0.0131)	Prec@1 100.000 (99.405)	Prec@5 100.000 (100.000)
Test: [40/49]	Time 0.131 (0.197)	Loss 0.0000 (0.0302)	Prec@1 100.000 (98.171)	Prec@5 100.000 (100.000)
Testing Results: Prec@1 98.458 Prec@5 100.000 Loss 0.02550
Best Prec@1: 98.715

Epoch: [37][0/123], lr: 0.00001	Time 1.980 (1.980)	Data 1.552 (1.552)	Loss 0.0000 (0.0000)	Prec@1 100.000 (100.000)	Prec@5 100.000 (100.000)
Epoch: [37][20/123], lr: 0.00001	Time 0.374 (0.455)	Data 0.000 (0.082)	Loss 0.0001 (0.0003)	Prec@1 100.000 (100.000)	Prec@5 100.000 (100.000)
Epoch: [37][40/123], lr: 0.00001	Time 0.309 (0.399)	Data 0.000 (0.042)	Loss 0.0002 (0.0006)	Prec@1 100.000 (100.000)	Prec@5 100.000 (100.000)
Epoch: [37][60/123], lr: 0.00001	Time 0.371 (0.382)	Data 0.000 (0.029)	Loss 0.2499 (0.0070)	Prec@1 87.500 (99.795)	Prec@5 100.000 (100.000)
Epoch: [37][80/123], lr: 0.00001	Time 0.359 (0.375)	Data 0.000 (0.022)	Loss 0.0001 (0.0070)	Prec@1 100.000 (99.846)	Prec@5 100.000 (100.000)
Epoch: [37][100/123], lr: 0.00001	Time 0.295 (0.368)	Data 0.000 (0.018)	Loss 0.0000 (0.0058)	Prec@1 100.000 (99.876)	Prec@5 100.000 (100.000)
Epoch: [37][120/123], lr: 0.00001	Time 0.299 (0.363)	Data 0.000 (0.015)	Loss 0.0005 (0.0058)	Prec@1 100.000 (99.897)	Prec@5 100.000 (100.000)
Test: [0/49]	Time 2.487 (2.487)	Loss 0.0000 (0.0000)	Prec@1 100.000 (100.000)	Prec@5 100.000 (100.000)
Test: [20/49]	Time 0.132 (0.278)	Loss 0.0470 (0.0114)	Prec@1 100.000 (100.000)	Prec@5 100.000 (100.000)
Test: [40/49]	Time 0.159 (0.219)	Loss 0.0000 (0.0321)	Prec@1 100.000 (98.476)	Prec@5 100.000 (100.000)
Testing Results: Prec@1 98.715 Prec@5 100.000 Loss 0.02707
Best Prec@1: 98.715

Epoch: [38][0/123], lr: 0.00001	Time 2.421 (2.421)	Data 2.026 (2.026)	Loss 0.0000 (0.0000)	Prec@1 100.000 (100.000)	Prec@5 100.000 (100.000)
Epoch: [38][20/123], lr: 0.00001	Time 0.314 (0.450)	Data 0.000 (0.097)	Loss 0.0000 (0.0314)	Prec@1 100.000 (99.405)	Prec@5 100.000 (100.000)
Epoch: [38][40/123], lr: 0.00001	Time 0.330 (0.402)	Data 0.000 (0.050)	Loss 0.0000 (0.0205)	Prec@1 100.000 (99.390)	Prec@5 100.000 (100.000)
Epoch: [38][60/123], lr: 0.00001	Time 0.387 (0.384)	Data 0.000 (0.034)	Loss 0.0001 (0.0138)	Prec@1 100.000 (99.590)	Prec@5 100.000 (100.000)
Epoch: [38][80/123], lr: 0.00001	Time 0.325 (0.377)	Data 0.000 (0.026)	Loss 0.0445 (0.0197)	Prec@1 100.000 (99.537)	Prec@5 100.000 (100.000)
Epoch: [38][100/123], lr: 0.00001	Time 0.290 (0.371)	Data 0.000 (0.021)	Loss 0.0001 (0.0210)	Prec@1 100.000 (99.505)	Prec@5 100.000 (100.000)
Epoch: [38][120/123], lr: 0.00001	Time 0.301 (0.366)	Data 0.000 (0.018)	Loss 0.8309 (0.0310)	Prec@1 87.500 (99.380)	Prec@5 100.000 (100.000)
Test: [0/49]	Time 2.308 (2.308)	Loss 0.0000 (0.0000)	Prec@1 100.000 (100.000)	Prec@5 100.000 (100.000)
Test: [20/49]	Time 0.131 (0.283)	Loss 0.0521 (0.0132)	Prec@1 100.000 (99.405)	Prec@5 100.000 (100.000)
Test: [40/49]	Time 0.120 (0.213)	Loss 0.0000 (0.0350)	Prec@1 100.000 (98.171)	Prec@5 100.000 (100.000)
Testing Results: Prec@1 98.458 Prec@5 100.000 Loss 0.02951
Best Prec@1: 98.715

Epoch: [39][0/123], lr: 0.00001	Time 2.139 (2.139)	Data 1.736 (1.736)	Loss 0.0000 (0.0000)	Prec@1 100.000 (100.000)	Prec@5 100.000 (100.000)
Epoch: [39][20/123], lr: 0.00001	Time 0.305 (0.427)	Data 0.000 (0.083)	Loss 0.0001 (0.0014)	Prec@1 100.000 (100.000)	Prec@5 100.000 (100.000)
Epoch: [39][40/123], lr: 0.00001	Time 0.425 (0.383)	Data 0.000 (0.043)	Loss 0.0003 (0.0011)	Prec@1 100.000 (100.000)	Prec@5 100.000 (100.000)
Epoch: [39][60/123], lr: 0.00001	Time 0.349 (0.366)	Data 0.000 (0.029)	Loss 0.0227 (0.0027)	Prec@1 100.000 (100.000)	Prec@5 100.000 (100.000)
Epoch: [39][80/123], lr: 0.00001	Time 0.366 (0.361)	Data 0.000 (0.022)	Loss 0.0001 (0.0062)	Prec@1 100.000 (99.846)	Prec@5 100.000 (100.000)
Epoch: [39][100/123], lr: 0.00001	Time 0.314 (0.358)	Data 0.000 (0.018)	Loss 0.0000 (0.0248)	Prec@1 100.000 (99.629)	Prec@5 100.000 (100.000)
Epoch: [39][120/123], lr: 0.00001	Time 0.319 (0.350)	Data 0.000 (0.015)	Loss 0.0036 (0.0210)	Prec@1 100.000 (99.690)	Prec@5 100.000 (100.000)
Test: [0/49]	Time 2.019 (2.019)	Loss 0.0000 (0.0000)	Prec@1 100.000 (100.000)	Prec@5 100.000 (100.000)
Test: [20/49]	Time 0.177 (0.267)	Loss 0.0389 (0.0183)	Prec@1 100.000 (99.405)	Prec@5 100.000 (100.000)
Test: [40/49]	Time 0.135 (0.200)	Loss 0.0000 (0.0321)	Prec@1 100.000 (98.476)	Prec@5 100.000 (100.000)
Testing Results: Prec@1 98.715 Prec@5 100.000 Loss 0.02714
Best Prec@1: 98.715

Epoch: [40][0/123], lr: 0.00000	Time 1.498 (1.498)	Data 1.118 (1.118)	Loss 0.0000 (0.0000)	Prec@1 100.000 (100.000)	Prec@5 100.000 (100.000)
Epoch: [40][20/123], lr: 0.00000	Time 0.287 (0.431)	Data 0.000 (0.072)	Loss 0.0000 (0.0183)	Prec@1 100.000 (99.405)	Prec@5 100.000 (100.000)
Epoch: [40][40/123], lr: 0.00000	Time 0.348 (0.384)	Data 0.000 (0.037)	Loss 0.0000 (0.0224)	Prec@1 100.000 (99.085)	Prec@5 100.000 (100.000)
Epoch: [40][60/123], lr: 0.00000	Time 0.329 (0.368)	Data 0.000 (0.025)	Loss 0.0000 (0.0164)	Prec@1 100.000 (99.385)	Prec@5 100.000 (100.000)
Epoch: [40][80/123], lr: 0.00000	Time 0.408 (0.359)	Data 0.000 (0.019)	Loss 0.0055 (0.0140)	Prec@1 100.000 (99.383)	Prec@5 100.000 (100.000)
Epoch: [40][100/123], lr: 0.00000	Time 0.369 (0.355)	Data 0.000 (0.015)	Loss 0.0000 (0.0121)	Prec@1 100.000 (99.505)	Prec@5 100.000 (100.000)
Epoch: [40][120/123], lr: 0.00000	Time 0.316 (0.349)	Data 0.000 (0.013)	Loss 0.0000 (0.0102)	Prec@1 100.000 (99.587)	Prec@5 100.000 (100.000)
Test: [0/49]	Time 1.781 (1.781)	Loss 0.0000 (0.0000)	Prec@1 100.000 (100.000)	Prec@5 100.000 (100.000)
Test: [20/49]	Time 0.132 (0.268)	Loss 0.0559 (0.0135)	Prec@1 100.000 (99.405)	Prec@5 100.000 (100.000)
Test: [40/49]	Time 0.092 (0.206)	Loss 0.0000 (0.0317)	Prec@1 100.000 (98.476)	Prec@5 100.000 (100.000)
Testing Results: Prec@1 98.715 Prec@5 100.000 Loss 0.02678
Best Prec@1: 98.715

Epoch: [41][0/123], lr: 0.00000	Time 1.985 (1.985)	Data 1.608 (1.608)	Loss 0.0000 (0.0000)	Prec@1 100.000 (100.000)	Prec@5 100.000 (100.000)
Epoch: [41][20/123], lr: 0.00000	Time 0.277 (0.422)	Data 0.000 (0.088)	Loss 0.0149 (0.0547)	Prec@1 100.000 (98.214)	Prec@5 100.000 (100.000)
Epoch: [41][40/123], lr: 0.00000	Time 0.323 (0.384)	Data 0.000 (0.045)	Loss 0.0000 (0.0509)	Prec@1 100.000 (98.780)	Prec@5 100.000 (100.000)
Epoch: [41][60/123], lr: 0.00000	Time 0.364 (0.369)	Data 0.011 (0.031)	Loss 0.0000 (0.0354)	Prec@1 100.000 (99.180)	Prec@5 100.000 (100.000)
Epoch: [41][80/123], lr: 0.00000	Time 0.261 (0.362)	Data 0.000 (0.023)	Loss 0.0000 (0.0273)	Prec@1 100.000 (99.383)	Prec@5 100.000 (100.000)
Epoch: [41][100/123], lr: 0.00000	Time 0.315 (0.357)	Data 0.000 (0.019)	Loss 0.0000 (0.0277)	Prec@1 100.000 (99.010)	Prec@5 100.000 (100.000)
Epoch: [41][120/123], lr: 0.00000	Time 0.314 (0.350)	Data 0.000 (0.016)	Loss 0.0050 (0.0233)	Prec@1 100.000 (99.174)	Prec@5 100.000 (100.000)
Test: [0/49]	Time 2.474 (2.474)	Loss 0.0000 (0.0000)	Prec@1 100.000 (100.000)	Prec@5 100.000 (100.000)
Test: [20/49]	Time 0.094 (0.264)	Loss 0.0427 (0.0149)	Prec@1 100.000 (99.405)	Prec@5 100.000 (100.000)
Test: [40/49]	Time 0.194 (0.207)	Loss 0.0000 (0.0326)	Prec@1 100.000 (98.476)	Prec@5 100.000 (100.000)
Testing Results: Prec@1 98.715 Prec@5 100.000 Loss 0.02755
Best Prec@1: 98.715

Epoch: [42][0/123], lr: 0.00000	Time 2.176 (2.176)	Data 1.764 (1.764)	Loss 0.0001 (0.0001)	Prec@1 100.000 (100.000)	Prec@5 100.000 (100.000)
Epoch: [42][20/123], lr: 0.00000	Time 0.389 (0.439)	Data 0.000 (0.085)	Loss 0.0000 (0.0359)	Prec@1 100.000 (99.405)	Prec@5 100.000 (100.000)
Epoch: [42][40/123], lr: 0.00000	Time 0.324 (0.389)	Data 0.000 (0.044)	Loss 0.0000 (0.0371)	Prec@1 100.000 (99.085)	Prec@5 100.000 (100.000)
Epoch: [42][60/123], lr: 0.00000	Time 0.344 (0.371)	Data 0.000 (0.030)	Loss 0.0000 (0.0250)	Prec@1 100.000 (99.385)	Prec@5 100.000 (100.000)
Epoch: [42][80/123], lr: 0.00000	Time 0.364 (0.362)	Data 0.000 (0.022)	Loss 0.0000 (0.0298)	Prec@1 100.000 (99.383)	Prec@5 100.000 (100.000)
Epoch: [42][100/123], lr: 0.00000	Time 0.372 (0.358)	Data 0.000 (0.018)	Loss 0.0000 (0.0252)	Prec@1 100.000 (99.381)	Prec@5 100.000 (100.000)
Epoch: [42][120/123], lr: 0.00000	Time 0.321 (0.353)	Data 0.000 (0.015)	Loss 0.0000 (0.0218)	Prec@1 100.000 (99.483)	Prec@5 100.000 (100.000)
Test: [0/49]	Time 1.838 (1.838)	Loss 0.0000 (0.0000)	Prec@1 100.000 (100.000)	Prec@5 100.000 (100.000)
Test: [20/49]	Time 0.157 (0.250)	Loss 0.0366 (0.0141)	Prec@1 100.000 (99.405)	Prec@5 100.000 (100.000)
Test: [40/49]	Time 0.163 (0.194)	Loss 0.0000 (0.0319)	Prec@1 100.000 (98.476)	Prec@5 100.000 (100.000)
Testing Results: Prec@1 98.715 Prec@5 100.000 Loss 0.02694
Best Prec@1: 98.715

Epoch: [43][0/123], lr: 0.00000	Time 2.316 (2.316)	Data 1.920 (1.920)	Loss 0.0059 (0.0059)	Prec@1 100.000 (100.000)	Prec@5 100.000 (100.000)
Epoch: [43][20/123], lr: 0.00000	Time 0.360 (0.429)	Data 0.000 (0.092)	Loss 0.0001 (0.0016)	Prec@1 100.000 (100.000)	Prec@5 100.000 (100.000)
Epoch: [43][40/123], lr: 0.00000	Time 0.331 (0.382)	Data 0.000 (0.047)	Loss 0.0000 (0.0180)	Prec@1 100.000 (99.695)	Prec@5 100.000 (100.000)
Epoch: [43][60/123], lr: 0.00000	Time 0.322 (0.371)	Data 0.000 (0.032)	Loss 0.0000 (0.0226)	Prec@1 100.000 (99.385)	Prec@5 100.000 (100.000)
Epoch: [43][80/123], lr: 0.00000	Time 0.342 (0.364)	Data 0.000 (0.024)	Loss 0.0004 (0.0170)	Prec@1 100.000 (99.537)	Prec@5 100.000 (100.000)
Epoch: [43][100/123], lr: 0.00000	Time 0.340 (0.357)	Data 0.000 (0.019)	Loss 0.0040 (0.0139)	Prec@1 100.000 (99.629)	Prec@5 100.000 (100.000)
Epoch: [43][120/123], lr: 0.00000	Time 0.321 (0.354)	Data 0.000 (0.016)	Loss 0.0000 (0.0156)	Prec@1 100.000 (99.483)	Prec@5 100.000 (100.000)
Test: [0/49]	Time 2.119 (2.119)	Loss 0.0000 (0.0000)	Prec@1 100.000 (100.000)	Prec@5 100.000 (100.000)
Test: [20/49]	Time 0.097 (0.272)	Loss 0.0302 (0.0133)	Prec@1 100.000 (99.405)	Prec@5 100.000 (100.000)
Test: [40/49]	Time 0.090 (0.209)	Loss 0.0000 (0.0314)	Prec@1 100.000 (98.171)	Prec@5 100.000 (100.000)
Testing Results: Prec@1 98.458 Prec@5 100.000 Loss 0.02650
Best Prec@1: 98.715

Epoch: [44][0/123], lr: 0.00000	Time 2.373 (2.373)	Data 1.968 (1.968)	Loss 0.0016 (0.0016)	Prec@1 100.000 (100.000)	Prec@5 100.000 (100.000)
Epoch: [44][20/123], lr: 0.00000	Time 0.373 (0.459)	Data 0.003 (0.094)	Loss 0.0000 (0.0032)	Prec@1 100.000 (100.000)	Prec@5 100.000 (100.000)
Epoch: [44][40/123], lr: 0.00000	Time 0.311 (0.405)	Data 0.000 (0.049)	Loss 0.0000 (0.0106)	Prec@1 100.000 (99.695)	Prec@5 100.000 (100.000)
Epoch: [44][60/123], lr: 0.00000	Time 0.363 (0.389)	Data 0.000 (0.033)	Loss 0.0000 (0.0072)	Prec@1 100.000 (99.795)	Prec@5 100.000 (100.000)
Epoch: [44][80/123], lr: 0.00000	Time 0.383 (0.378)	Data 0.000 (0.025)	Loss 0.1016 (0.0068)	Prec@1 87.500 (99.691)	Prec@5 100.000 (100.000)
Epoch: [44][100/123], lr: 0.00000	Time 0.359 (0.371)	Data 0.000 (0.020)	Loss 0.0000 (0.0058)	Prec@1 100.000 (99.752)	Prec@5 100.000 (100.000)
Epoch: [44][120/123], lr: 0.00000	Time 0.261 (0.362)	Data 0.000 (0.017)	Loss 0.0000 (0.0055)	Prec@1 100.000 (99.793)	Prec@5 100.000 (100.000)
Test: [0/49]	Time 2.825 (2.825)	Loss 0.0000 (0.0000)	Prec@1 100.000 (100.000)	Prec@5 100.000 (100.000)
Test: [20/49]	Time 0.133 (0.322)	Loss 0.0295 (0.0132)	Prec@1 100.000 (99.405)	Prec@5 100.000 (100.000)
Test: [40/49]	Time 0.110 (0.238)	Loss 0.0000 (0.0294)	Prec@1 100.000 (98.476)	Prec@5 100.000 (100.000)
Testing Results: Prec@1 98.715 Prec@5 100.000 Loss 0.02484
Best Prec@1: 98.715

Epoch: [45][0/123], lr: 0.00000	Time 2.469 (2.469)	Data 2.006 (2.006)	Loss 0.0001 (0.0001)	Prec@1 100.000 (100.000)	Prec@5 100.000 (100.000)
Epoch: [45][20/123], lr: 0.00000	Time 0.333 (0.443)	Data 0.000 (0.096)	Loss 0.0000 (0.0110)	Prec@1 100.000 (99.405)	Prec@5 100.000 (100.000)
Epoch: [45][40/123], lr: 0.00000	Time 0.317 (0.394)	Data 0.000 (0.049)	Loss 0.0419 (0.0082)	Prec@1 100.000 (99.695)	Prec@5 100.000 (100.000)
Epoch: [45][60/123], lr: 0.00000	Time 0.286 (0.380)	Data 0.000 (0.034)	Loss 0.0406 (0.0165)	Prec@1 100.000 (99.385)	Prec@5 100.000 (100.000)
Epoch: [45][80/123], lr: 0.00000	Time 0.288 (0.376)	Data 0.000 (0.025)	Loss 0.0004 (0.0251)	Prec@1 100.000 (99.383)	Prec@5 100.000 (100.000)
Epoch: [45][100/123], lr: 0.00000	Time 0.345 (0.370)	Data 0.000 (0.020)	Loss 0.0000 (0.0227)	Prec@1 100.000 (99.381)	Prec@5 100.000 (100.000)
Epoch: [45][120/123], lr: 0.00000	Time 0.363 (0.371)	Data 0.000 (0.017)	Loss 0.0004 (0.0218)	Prec@1 100.000 (99.380)	Prec@5 100.000 (100.000)
Test: [0/49]	Time 3.446 (3.446)	Loss 0.0000 (0.0000)	Prec@1 100.000 (100.000)	Prec@5 100.000 (100.000)
Test: [20/49]	Time 0.164 (0.379)	Loss 0.0310 (0.0159)	Prec@1 100.000 (99.405)	Prec@5 100.000 (100.000)
Test: [40/49]	Time 0.207 (0.285)	Loss 0.0000 (0.0305)	Prec@1 100.000 (98.476)	Prec@5 100.000 (100.000)
Testing Results: Prec@1 98.715 Prec@5 100.000 Loss 0.02572
Best Prec@1: 98.715

Epoch: [46][0/123], lr: 0.00000	Time 3.299 (3.299)	Data 2.813 (2.813)	Loss 0.0003 (0.0003)	Prec@1 100.000 (100.000)	Prec@5 100.000 (100.000)
Epoch: [46][20/123], lr: 0.00000	Time 0.348 (0.520)	Data 0.000 (0.135)	Loss 0.0007 (0.0051)	Prec@1 100.000 (100.000)	Prec@5 100.000 (100.000)
Epoch: [46][40/123], lr: 0.00000	Time 0.353 (0.451)	Data 0.000 (0.070)	Loss 0.0000 (0.0084)	Prec@1 100.000 (99.695)	Prec@5 100.000 (100.000)
Epoch: [46][60/123], lr: 0.00000	Time 0.337 (0.433)	Data 0.000 (0.048)	Loss 0.0000 (0.0057)	Prec@1 100.000 (99.795)	Prec@5 100.000 (100.000)
Epoch: [46][80/123], lr: 0.00000	Time 0.348 (0.422)	Data 0.000 (0.036)	Loss 0.0006 (0.0044)	Prec@1 100.000 (99.846)	Prec@5 100.000 (100.000)
Epoch: [46][100/123], lr: 0.00000	Time 0.362 (0.409)	Data 0.000 (0.029)	Loss 0.0001 (0.0041)	Prec@1 100.000 (99.876)	Prec@5 100.000 (100.000)
Epoch: [46][120/123], lr: 0.00000	Time 0.364 (0.402)	Data 0.000 (0.024)	Loss 0.0002 (0.0184)	Prec@1 100.000 (99.690)	Prec@5 100.000 (100.000)
Test: [0/49]	Time 2.994 (2.994)	Loss 0.0000 (0.0000)	Prec@1 100.000 (100.000)	Prec@5 100.000 (100.000)
Test: [20/49]	Time 0.255 (0.371)	Loss 0.0422 (0.0130)	Prec@1 100.000 (99.405)	Prec@5 100.000 (100.000)
Test: [40/49]	Time 0.193 (0.283)	Loss 0.0000 (0.0308)	Prec@1 100.000 (98.171)	Prec@5 100.000 (100.000)
Testing Results: Prec@1 98.458 Prec@5 100.000 Loss 0.02602
Best Prec@1: 98.715

Epoch: [47][0/123], lr: 0.00000	Time 2.609 (2.609)	Data 2.133 (2.133)	Loss 0.0000 (0.0000)	Prec@1 100.000 (100.000)	Prec@5 100.000 (100.000)
Epoch: [47][20/123], lr: 0.00000	Time 0.441 (0.538)	Data 0.013 (0.112)	Loss 0.0000 (0.0006)	Prec@1 100.000 (100.000)	Prec@5 100.000 (100.000)
Epoch: [47][40/123], lr: 0.00000	Time 0.436 (0.485)	Data 0.000 (0.058)	Loss 0.4637 (0.0135)	Prec@1 87.500 (99.695)	Prec@5 100.000 (100.000)
Epoch: [47][60/123], lr: 0.00000	Time 0.478 (0.480)	Data 0.000 (0.040)	Loss 0.0000 (0.0117)	Prec@1 100.000 (99.590)	Prec@5 100.000 (100.000)
Epoch: [47][80/123], lr: 0.00000	Time 0.347 (0.468)	Data 0.000 (0.031)	Loss 0.0005 (0.0090)	Prec@1 100.000 (99.691)	Prec@5 100.000 (100.000)
Epoch: [47][100/123], lr: 0.00000	Time 0.457 (0.459)	Data 0.000 (0.025)	Loss 0.0004 (0.0076)	Prec@1 100.000 (99.752)	Prec@5 100.000 (100.000)
Epoch: [47][120/123], lr: 0.00000	Time 0.438 (0.449)	Data 0.000 (0.021)	Loss 0.0000 (0.0126)	Prec@1 100.000 (99.690)	Prec@5 100.000 (100.000)
Test: [0/49]	Time 2.947 (2.947)	Loss 0.0000 (0.0000)	Prec@1 100.000 (100.000)	Prec@5 100.000 (100.000)
Test: [20/49]	Time 0.169 (0.344)	Loss 0.0296 (0.0131)	Prec@1 100.000 (99.405)	Prec@5 100.000 (100.000)
Test: [40/49]	Time 0.164 (0.260)	Loss 0.0000 (0.0287)	Prec@1 100.000 (98.476)	Prec@5 100.000 (100.000)
Testing Results: Prec@1 98.715 Prec@5 100.000 Loss 0.02423
Best Prec@1: 98.715

Epoch: [48][0/123], lr: 0.00000	Time 3.061 (3.061)	Data 2.518 (2.518)	Loss 0.0000 (0.0000)	Prec@1 100.000 (100.000)	Prec@5 100.000 (100.000)
Epoch: [48][20/123], lr: 0.00000	Time 0.531 (0.542)	Data 0.010 (0.122)	Loss 0.0001 (0.0424)	Prec@1 100.000 (98.214)	Prec@5 100.000 (100.000)
Epoch: [48][40/123], lr: 0.00000	Time 0.451 (0.481)	Data 0.000 (0.064)	Loss 0.0000 (0.0548)	Prec@1 100.000 (98.780)	Prec@5 100.000 (100.000)
Epoch: [48][60/123], lr: 0.00000	Time 0.375 (0.462)	Data 0.000 (0.043)	Loss 0.0001 (0.0411)	Prec@1 100.000 (98.975)	Prec@5 100.000 (100.000)
Epoch: [48][80/123], lr: 0.00000	Time 0.391 (0.448)	Data 0.015 (0.033)	Loss 0.0000 (0.0322)	Prec@1 100.000 (99.228)	Prec@5 100.000 (100.000)
Epoch: [48][100/123], lr: 0.00000	Time 0.432 (0.441)	Data 0.000 (0.027)	Loss 0.0027 (0.0305)	Prec@1 100.000 (99.134)	Prec@5 100.000 (100.000)
Epoch: [48][120/123], lr: 0.00000	Time 0.505 (0.430)	Data 0.000 (0.022)	Loss 0.0044 (0.0286)	Prec@1 100.000 (99.174)	Prec@5 100.000 (100.000)
Test: [0/49]	Time 3.885 (3.885)	Loss 0.0000 (0.0000)	Prec@1 100.000 (100.000)	Prec@5 100.000 (100.000)
Test: [20/49]	Time 0.189 (0.390)	Loss 0.0314 (0.0170)	Prec@1 100.000 (99.405)	Prec@5 100.000 (100.000)
Test: [40/49]	Time 0.250 (0.295)	Loss 0.0000 (0.0317)	Prec@1 100.000 (98.476)	Prec@5 100.000 (100.000)
Testing Results: Prec@1 98.715 Prec@5 100.000 Loss 0.02673
Best Prec@1: 98.715

Epoch: [49][0/123], lr: 0.00000	Time 2.813 (2.813)	Data 2.340 (2.340)	Loss 0.0000 (0.0000)	Prec@1 100.000 (100.000)	Prec@5 100.000 (100.000)
Epoch: [49][20/123], lr: 0.00000	Time 0.540 (0.547)	Data 0.001 (0.112)	Loss 0.0003 (0.0028)	Prec@1 100.000 (100.000)	Prec@5 100.000 (100.000)
Epoch: [49][40/123], lr: 0.00000	Time 0.397 (0.483)	Data 0.000 (0.058)	Loss 0.5779 (0.0287)	Prec@1 87.500 (99.085)	Prec@5 100.000 (100.000)
Epoch: [49][60/123], lr: 0.00000	Time 0.345 (0.458)	Data 0.000 (0.040)	Loss 0.0000 (0.0228)	Prec@1 100.000 (99.180)	Prec@5 100.000 (100.000)
Epoch: [49][80/123], lr: 0.00000	Time 0.380 (0.444)	Data 0.000 (0.030)	Loss 0.0000 (0.0302)	Prec@1 100.000 (99.228)	Prec@5 100.000 (100.000)
Epoch: [49][100/123], lr: 0.00000	Time 0.364 (0.438)	Data 0.000 (0.025)	Loss 0.0000 (0.0270)	Prec@1 100.000 (99.257)	Prec@5 100.000 (100.000)
Epoch: [49][120/123], lr: 0.00000	Time 0.372 (0.431)	Data 0.000 (0.021)	Loss 0.0000 (0.0227)	Prec@1 100.000 (99.380)	Prec@5 100.000 (100.000)
Test: [0/49]	Time 2.900 (2.900)	Loss 0.0000 (0.0000)	Prec@1 100.000 (100.000)	Prec@5 100.000 (100.000)
Test: [20/49]	Time 0.182 (0.358)	Loss 0.0259 (0.0119)	Prec@1 100.000 (99.405)	Prec@5 100.000 (100.000)
Test: [40/49]	Time 0.191 (0.279)	Loss 0.0000 (0.0271)	Prec@1 100.000 (98.476)	Prec@5 100.000 (100.000)
Testing Results: Prec@1 98.715 Prec@5 100.000 Loss 0.02288
Best Prec@1: 98.715

