Epoch: [0][0/2049], lr: 0.00100	Time 4.000 (4.000)	Data 1.122 (1.122)	Loss 2.9515 (2.9515)	Prec@1 0.000 (0.000)	Prec@5 100.000 (100.000)
Epoch: [0][20/2049], lr: 0.00100	Time 0.089 (0.282)	Data 0.000 (0.053)	Loss 14.0141 (8.4285)	Prec@1 0.000 (14.286)	Prec@5 0.000 (38.095)
Epoch: [0][40/2049], lr: 0.00100	Time 0.089 (0.191)	Data 0.000 (0.027)	Loss 9.5467 (7.3723)	Prec@1 0.000 (9.756)	Prec@5 0.000 (43.902)
Epoch: [0][60/2049], lr: 0.00100	Time 0.102 (0.160)	Data 0.000 (0.018)	Loss 3.9488 (6.3458)	Prec@1 0.000 (13.115)	Prec@5 0.000 (40.984)
Epoch: [0][80/2049], lr: 0.00100	Time 0.090 (0.144)	Data 0.000 (0.014)	Loss 39.5230 (9.2121)	Prec@1 0.000 (13.580)	Prec@5 0.000 (45.679)
Epoch: [0][100/2049], lr: 0.00100	Time 0.102 (0.135)	Data 0.000 (0.011)	Loss 3.0603 (8.1775)	Prec@1 0.000 (10.891)	Prec@5 0.000 (43.564)
Epoch: [0][120/2049], lr: 0.00100	Time 0.086 (0.128)	Data 0.000 (0.009)	Loss 2.7600 (7.3052)	Prec@1 0.000 (9.091)	Prec@5 100.000 (49.587)
Epoch: [0][140/2049], lr: 0.00100	Time 0.097 (0.123)	Data 0.000 (0.008)	Loss 2.5518 (6.7206)	Prec@1 0.000 (9.929)	Prec@5 100.000 (52.482)
Epoch: [0][160/2049], lr: 0.00100	Time 0.091 (0.120)	Data 0.000 (0.007)	Loss 3.0322 (6.2428)	Prec@1 0.000 (10.559)	Prec@5 0.000 (53.416)
Epoch: [0][180/2049], lr: 0.00100	Time 0.090 (0.117)	Data 0.000 (0.006)	Loss 8.2599 (6.3245)	Prec@1 0.000 (12.155)	Prec@5 100.000 (55.801)
Epoch: [0][200/2049], lr: 0.00100	Time 0.099 (0.116)	Data 0.000 (0.006)	Loss 3.0640 (6.0879)	Prec@1 0.000 (11.940)	Prec@5 0.000 (55.721)
Epoch: [0][220/2049], lr: 0.00100	Time 0.110 (0.114)	Data 0.000 (0.005)	Loss 2.9294 (5.8017)	Prec@1 0.000 (11.765)	Prec@5 0.000 (53.846)
Epoch: [0][240/2049], lr: 0.00100	Time 0.087 (0.112)	Data 0.000 (0.005)	Loss 2.4576 (5.5396)	Prec@1 0.000 (13.278)	Prec@5 100.000 (54.357)
Epoch: [0][260/2049], lr: 0.00100	Time 0.098 (0.111)	Data 0.000 (0.004)	Loss 2.5954 (5.3320)	Prec@1 0.000 (13.027)	Prec@5 100.000 (53.640)
Epoch: [0][280/2049], lr: 0.00100	Time 0.093 (0.110)	Data 0.000 (0.004)	Loss 2.0600 (5.1310)	Prec@1 0.000 (13.523)	Prec@5 100.000 (54.804)
Epoch: [0][300/2049], lr: 0.00100	Time 0.091 (0.109)	Data 0.000 (0.004)	Loss 7.6105 (5.0395)	Prec@1 0.000 (13.289)	Prec@5 100.000 (54.153)
Epoch: [0][320/2049], lr: 0.00100	Time 0.091 (0.108)	Data 0.000 (0.004)	Loss 3.3985 (4.9605)	Prec@1 0.000 (13.396)	Prec@5 0.000 (53.271)
Epoch: [0][340/2049], lr: 0.00100	Time 0.086 (0.107)	Data 0.000 (0.003)	Loss 2.9004 (4.8233)	Prec@1 0.000 (13.490)	Prec@5 0.000 (53.959)
Epoch: [0][360/2049], lr: 0.00100	Time 0.105 (0.106)	Data 0.000 (0.003)	Loss 2.3825 (4.7005)	Prec@1 0.000 (13.573)	Prec@5 100.000 (54.294)
Epoch: [0][380/2049], lr: 0.00100	Time 0.103 (0.106)	Data 0.000 (0.003)	Loss 2.6241 (4.5928)	Prec@1 0.000 (13.911)	Prec@5 100.000 (54.331)
Epoch: [0][400/2049], lr: 0.00100	Time 0.096 (0.105)	Data 0.000 (0.003)	Loss 2.8244 (4.4886)	Prec@1 0.000 (14.214)	Prec@5 0.000 (54.364)
Epoch: [0][420/2049], lr: 0.00100	Time 0.099 (0.105)	Data 0.000 (0.003)	Loss 2.5778 (4.4049)	Prec@1 0.000 (14.014)	Prec@5 100.000 (53.919)
Epoch: [0][440/2049], lr: 0.00100	Time 0.090 (0.104)	Data 0.000 (0.003)	Loss 2.8685 (4.3202)	Prec@1 0.000 (14.286)	Prec@5 0.000 (54.422)
Epoch: [0][460/2049], lr: 0.00100	Time 0.091 (0.104)	Data 0.000 (0.003)	Loss 2.6617 (4.2422)	Prec@1 0.000 (14.967)	Prec@5 0.000 (54.230)
Epoch: [0][480/2049], lr: 0.00100	Time 0.089 (0.103)	Data 0.000 (0.002)	Loss 3.5216 (4.1748)	Prec@1 0.000 (14.761)	Prec@5 0.000 (54.470)
Epoch: [0][500/2049], lr: 0.00100	Time 0.087 (0.103)	Data 0.000 (0.002)	Loss 2.9989 (4.1200)	Prec@1 0.000 (14.770)	Prec@5 0.000 (53.493)
Epoch: [0][520/2049], lr: 0.00100	Time 0.090 (0.102)	Data 0.000 (0.002)	Loss 2.0987 (4.0585)	Prec@1 0.000 (14.971)	Prec@5 100.000 (54.127)
Epoch: [0][540/2049], lr: 0.00100	Time 0.095 (0.102)	Data 0.000 (0.002)	Loss 3.0537 (4.0146)	Prec@1 0.000 (14.603)	Prec@5 0.000 (53.789)
Epoch: [0][560/2049], lr: 0.00100	Time 0.087 (0.102)	Data 0.000 (0.002)	Loss 2.3676 (3.9630)	Prec@1 0.000 (14.260)	Prec@5 100.000 (54.011)
Epoch: [0][580/2049], lr: 0.00100	Time 0.088 (0.101)	Data 0.000 (0.002)	Loss 1.9578 (3.9115)	Prec@1 100.000 (14.630)	Prec@5 100.000 (54.733)
Epoch: [0][600/2049], lr: 0.00100	Time 0.098 (0.101)	Data 0.000 (0.002)	Loss 2.1679 (3.8589)	Prec@1 0.000 (14.809)	Prec@5 100.000 (55.574)
Epoch: [0][620/2049], lr: 0.00100	Time 0.091 (0.101)	Data 0.000 (0.002)	Loss 3.5768 (3.8192)	Prec@1 0.000 (14.815)	Prec@5 0.000 (55.878)
Epoch: [0][640/2049], lr: 0.00100	Time 0.097 (0.100)	Data 0.000 (0.002)	Loss 1.9357 (3.7865)	Prec@1 100.000 (14.665)	Prec@5 100.000 (55.226)
Epoch: [0][660/2049], lr: 0.00100	Time 0.092 (0.100)	Data 0.000 (0.002)	Loss 3.0422 (3.7634)	Prec@1 0.000 (14.372)	Prec@5 0.000 (54.463)
Epoch: [0][680/2049], lr: 0.00100	Time 0.090 (0.100)	Data 0.000 (0.002)	Loss 2.3893 (3.7255)	Prec@1 0.000 (13.950)	Prec@5 100.000 (54.919)
Epoch: [0][700/2049], lr: 0.00100	Time 0.090 (0.100)	Data 0.000 (0.002)	Loss 2.4097 (3.6941)	Prec@1 0.000 (13.980)	Prec@5 100.000 (55.064)
Epoch: [0][720/2049], lr: 0.00100	Time 0.089 (0.099)	Data 0.000 (0.002)	Loss 3.1183 (3.6629)	Prec@1 0.000 (14.147)	Prec@5 0.000 (55.062)
Epoch: [0][740/2049], lr: 0.00100	Time 0.087 (0.099)	Data 0.000 (0.002)	Loss 1.9602 (3.6311)	Prec@1 100.000 (14.440)	Prec@5 100.000 (55.196)
Epoch: [0][760/2049], lr: 0.00100	Time 0.086 (0.099)	Data 0.000 (0.002)	Loss 2.7685 (3.6044)	Prec@1 0.000 (14.455)	Prec@5 0.000 (54.796)
Epoch: [0][780/2049], lr: 0.00100	Time 0.089 (0.099)	Data 0.000 (0.002)	Loss 2.6629 (3.5753)	Prec@1 0.000 (14.853)	Prec@5 0.000 (54.673)
Epoch: [0][800/2049], lr: 0.00100	Time 0.087 (0.099)	Data 0.000 (0.001)	Loss 1.6385 (3.5536)	Prec@1 100.000 (14.981)	Prec@5 100.000 (54.432)
Epoch: [0][820/2049], lr: 0.00100	Time 0.091 (0.099)	Data 0.000 (0.001)	Loss 2.5619 (3.5322)	Prec@1 0.000 (14.860)	Prec@5 100.000 (54.324)
Epoch: [0][840/2049], lr: 0.00100	Time 0.090 (0.098)	Data 0.000 (0.001)	Loss 2.3782 (3.5112)	Prec@1 0.000 (14.863)	Prec@5 100.000 (54.340)
Epoch: [0][860/2049], lr: 0.00100	Time 0.093 (0.098)	Data 0.000 (0.001)	Loss 2.6715 (3.4898)	Prec@1 0.000 (14.983)	Prec@5 100.000 (54.239)
Epoch: [0][880/2049], lr: 0.00100	Time 0.093 (0.098)	Data 0.000 (0.001)	Loss 2.7980 (3.4657)	Prec@1 0.000 (15.323)	Prec@5 0.000 (54.257)
Epoch: [0][900/2049], lr: 0.00100	Time 0.096 (0.098)	Data 0.000 (0.001)	Loss 2.2553 (3.4475)	Prec@1 0.000 (15.316)	Prec@5 100.000 (53.940)
Epoch: [0][920/2049], lr: 0.00100	Time 0.089 (0.098)	Data 0.000 (0.001)	Loss 2.4491 (3.4279)	Prec@1 0.000 (15.201)	Prec@5 100.000 (54.180)
Epoch: [0][940/2049], lr: 0.00100	Time 0.087 (0.098)	Data 0.000 (0.001)	Loss 2.1888 (3.4098)	Prec@1 0.000 (15.303)	Prec@5 100.000 (54.198)
Epoch: [0][960/2049], lr: 0.00100	Time 0.095 (0.098)	Data 0.000 (0.001)	Loss 3.3731 (3.3897)	Prec@1 0.000 (15.713)	Prec@5 0.000 (54.110)
Epoch: [0][980/2049], lr: 0.00100	Time 0.090 (0.098)	Data 0.000 (0.001)	Loss 3.2301 (3.3734)	Prec@1 0.000 (15.596)	Prec@5 0.000 (54.027)
Epoch: [0][1000/2049], lr: 0.00100	Time 0.093 (0.098)	Data 0.000 (0.001)	Loss 2.0774 (3.3574)	Prec@1 0.000 (15.584)	Prec@5 100.000 (53.946)
Epoch: [0][1020/2049], lr: 0.00100	Time 0.100 (0.097)	Data 0.000 (0.001)	Loss 2.9994 (3.3404)	Prec@1 0.000 (15.769)	Prec@5 0.000 (53.869)
Epoch: [0][1040/2049], lr: 0.00100	Time 0.087 (0.097)	Data 0.000 (0.001)	Loss 3.2403 (3.3312)	Prec@1 0.000 (15.562)	Prec@5 0.000 (53.506)
Epoch: [0][1060/2049], lr: 0.00100	Time 0.093 (0.097)	Data 0.000 (0.001)	Loss 1.7117 (3.3149)	Prec@1 100.000 (15.928)	Prec@5 100.000 (53.817)
Epoch: [0][1080/2049], lr: 0.00100	Time 0.087 (0.097)	Data 0.000 (0.001)	Loss 2.8141 (3.2987)	Prec@1 0.000 (16.096)	Prec@5 0.000 (53.839)
Epoch: [0][1100/2049], lr: 0.00100	Time 0.105 (0.097)	Data 0.000 (0.001)	Loss 2.4472 (3.2872)	Prec@1 0.000 (15.895)	Prec@5 100.000 (53.678)
Epoch: [0][1120/2049], lr: 0.00100	Time 0.101 (0.097)	Data 0.000 (0.001)	Loss 2.2675 (3.2710)	Prec@1 0.000 (15.879)	Prec@5 100.000 (54.059)
Epoch: [0][1140/2049], lr: 0.00100	Time 0.099 (0.097)	Data 0.000 (0.001)	Loss 2.9672 (3.2617)	Prec@1 0.000 (15.863)	Prec@5 0.000 (53.900)
Epoch: [0][1160/2049], lr: 0.00100	Time 0.090 (0.097)	Data 0.000 (0.001)	Loss 2.2328 (3.2564)	Prec@1 0.000 (15.762)	Prec@5 100.000 (53.661)
Epoch: [0][1180/2049], lr: 0.00100	Time 0.091 (0.097)	Data 0.000 (0.001)	Loss 2.7092 (3.2443)	Prec@1 0.000 (15.665)	Prec@5 0.000 (53.599)
Epoch: [0][1200/2049], lr: 0.00100	Time 0.100 (0.097)	Data 0.000 (0.001)	Loss 2.8966 (3.2343)	Prec@1 0.000 (15.654)	Prec@5 0.000 (53.455)
Epoch: [0][1220/2049], lr: 0.00100	Time 0.101 (0.097)	Data 0.000 (0.001)	Loss 2.8227 (3.2255)	Prec@1 0.000 (15.643)	Prec@5 0.000 (53.235)
Epoch: [0][1240/2049], lr: 0.00100	Time 0.101 (0.097)	Data 0.000 (0.001)	Loss 2.1131 (3.2128)	Prec@1 0.000 (15.471)	Prec@5 100.000 (53.505)
Epoch: [0][1260/2049], lr: 0.00100	Time 0.097 (0.097)	Data 0.000 (0.001)	Loss 2.2960 (3.2044)	Prec@1 0.000 (15.385)	Prec@5 100.000 (53.450)
Epoch: [0][1280/2049], lr: 0.00100	Time 0.098 (0.097)	Data 0.000 (0.001)	Loss 2.0706 (3.1933)	Prec@1 0.000 (15.301)	Prec@5 100.000 (53.474)
Epoch: [0][1300/2049], lr: 0.00100	Time 0.095 (0.097)	Data 0.000 (0.001)	Loss 1.9752 (3.1836)	Prec@1 100.000 (15.296)	Prec@5 100.000 (53.651)
Epoch: [0][1320/2049], lr: 0.00100	Time 0.098 (0.097)	Data 0.000 (0.001)	Loss 4.9350 (3.1777)	Prec@1 0.000 (15.064)	Prec@5 0.000 (53.444)
Epoch: [0][1340/2049], lr: 0.00100	Time 0.099 (0.097)	Data 0.000 (0.001)	Loss 2.5749 (3.1686)	Prec@1 0.000 (14.914)	Prec@5 0.000 (53.244)
Epoch: [0][1360/2049], lr: 0.00100	Time 0.095 (0.097)	Data 0.000 (0.001)	Loss 2.2007 (3.1587)	Prec@1 0.000 (14.842)	Prec@5 100.000 (53.270)
Epoch: [0][1380/2049], lr: 0.00100	Time 0.103 (0.097)	Data 0.000 (0.001)	Loss 2.4748 (3.1518)	Prec@1 0.000 (14.772)	Prec@5 100.000 (53.077)
Epoch: [0][1400/2049], lr: 0.00100	Time 0.093 (0.097)	Data 0.000 (0.001)	Loss 2.6210 (3.1426)	Prec@1 0.000 (14.704)	Prec@5 0.000 (53.176)
Epoch: [0][1420/2049], lr: 0.00100	Time 0.090 (0.097)	Data 0.000 (0.001)	Loss 2.9273 (3.1339)	Prec@1 0.000 (14.919)	Prec@5 0.000 (53.132)
Epoch: [0][1440/2049], lr: 0.00100	Time 0.094 (0.097)	Data 0.000 (0.001)	Loss 3.1669 (3.1246)	Prec@1 0.000 (14.990)	Prec@5 0.000 (53.366)
Epoch: [0][1460/2049], lr: 0.00100	Time 0.088 (0.097)	Data 0.000 (0.001)	Loss 1.4008 (3.1125)	Prec@1 100.000 (15.400)	Prec@5 100.000 (53.593)
Epoch: [0][1480/2049], lr: 0.00100	Time 0.098 (0.097)	Data 0.000 (0.001)	Loss 3.0743 (3.1061)	Prec@1 0.000 (15.327)	Prec@5 0.000 (53.545)
Epoch: [0][1500/2049], lr: 0.00100	Time 0.104 (0.097)	Data 0.000 (0.001)	Loss 1.6720 (3.0976)	Prec@1 100.000 (15.323)	Prec@5 100.000 (53.631)
Epoch: [0][1520/2049], lr: 0.00100	Time 0.088 (0.097)	Data 0.000 (0.001)	Loss 1.9873 (3.0912)	Prec@1 0.000 (15.253)	Prec@5 100.000 (53.583)
Epoch: [0][1540/2049], lr: 0.00100	Time 0.095 (0.097)	Data 0.000 (0.001)	Loss 2.7567 (3.0831)	Prec@1 0.000 (15.250)	Prec@5 0.000 (53.796)
Epoch: [0][1560/2049], lr: 0.00100	Time 0.092 (0.097)	Data 0.000 (0.001)	Loss 2.0200 (3.0759)	Prec@1 0.000 (15.183)	Prec@5 100.000 (53.876)
Epoch: [0][1580/2049], lr: 0.00100	Time 0.091 (0.097)	Data 0.000 (0.001)	Loss 3.1227 (3.0725)	Prec@1 0.000 (14.991)	Prec@5 0.000 (53.763)
Epoch: [0][1600/2049], lr: 0.00100	Time 0.091 (0.097)	Data 0.000 (0.001)	Loss 1.9537 (3.0647)	Prec@1 100.000 (15.178)	Prec@5 100.000 (53.841)
Epoch: [0][1620/2049], lr: 0.00100	Time 0.094 (0.097)	Data 0.000 (0.001)	Loss 3.4252 (3.0604)	Prec@1 0.000 (15.176)	Prec@5 0.000 (53.794)
Epoch: [0][1640/2049], lr: 0.00100	Time 0.099 (0.097)	Data 0.000 (0.001)	Loss 5.2246 (3.0564)	Prec@1 0.000 (15.113)	Prec@5 0.000 (53.748)
Epoch: [0][1660/2049], lr: 0.00100	Time 0.099 (0.097)	Data 0.000 (0.001)	Loss 2.4934 (3.0495)	Prec@1 0.000 (14.931)	Prec@5 100.000 (53.763)
Epoch: [0][1680/2049], lr: 0.00100	Time 0.094 (0.097)	Data 0.000 (0.001)	Loss 2.4046 (3.0453)	Prec@1 0.000 (14.872)	Prec@5 100.000 (53.778)
Epoch: [0][1700/2049], lr: 0.00100	Time 0.102 (0.097)	Data 0.000 (0.001)	Loss 2.0990 (3.0387)	Prec@1 0.000 (14.932)	Prec@5 100.000 (53.792)
Epoch: [0][1720/2049], lr: 0.00100	Time 0.097 (0.098)	Data 0.000 (0.001)	Loss 2.4492 (3.0323)	Prec@1 0.000 (14.875)	Prec@5 100.000 (53.690)
Epoch: [0][1740/2049], lr: 0.00100	Time 0.102 (0.098)	Data 0.000 (0.001)	Loss 1.8698 (3.0236)	Prec@1 100.000 (14.877)	Prec@5 100.000 (53.877)
Epoch: [0][1760/2049], lr: 0.00100	Time 0.101 (0.098)	Data 0.000 (0.001)	Loss 1.7493 (3.0168)	Prec@1 100.000 (14.991)	Prec@5 100.000 (54.003)
Epoch: [0][1780/2049], lr: 0.00100	Time 0.102 (0.098)	Data 0.000 (0.001)	Loss 2.5386 (3.0099)	Prec@1 0.000 (15.216)	Prec@5 100.000 (54.015)
Epoch: [0][1800/2049], lr: 0.00100	Time 0.100 (0.098)	Data 0.000 (0.001)	Loss 2.5675 (3.0066)	Prec@1 0.000 (15.214)	Prec@5 100.000 (53.859)
Epoch: [0][1820/2049], lr: 0.00100	Time 0.105 (0.098)	Data 0.000 (0.001)	Loss 2.2407 (3.0009)	Prec@1 0.000 (15.211)	Prec@5 100.000 (53.817)
Epoch: [0][1840/2049], lr: 0.00100	Time 0.113 (0.098)	Data 0.000 (0.001)	Loss 1.8037 (2.9981)	Prec@1 100.000 (15.100)	Prec@5 100.000 (53.721)
Epoch: [0][1860/2049], lr: 0.00100	Time 0.104 (0.098)	Data 0.000 (0.001)	Loss 3.1607 (2.9922)	Prec@1 0.000 (15.153)	Prec@5 0.000 (53.735)
Epoch: [0][1880/2049], lr: 0.00100	Time 0.111 (0.098)	Data 0.000 (0.001)	Loss 2.6455 (2.9919)	Prec@1 0.000 (15.152)	Prec@5 0.000 (53.535)
Epoch: [0][1900/2049], lr: 0.00100	Time 0.096 (0.098)	Data 0.000 (0.001)	Loss 2.6023 (2.9846)	Prec@1 0.000 (15.360)	Prec@5 100.000 (53.656)
Epoch: [0][1920/2049], lr: 0.00100	Time 0.111 (0.098)	Data 0.000 (0.001)	Loss 4.4157 (2.9789)	Prec@1 0.000 (15.565)	Prec@5 0.000 (53.826)
Epoch: [0][1940/2049], lr: 0.00100	Time 0.114 (0.098)	Data 0.000 (0.001)	Loss 1.4357 (2.9751)	Prec@1 100.000 (15.559)	Prec@5 100.000 (53.890)
Epoch: [0][1960/2049], lr: 0.00100	Time 0.113 (0.098)	Data 0.000 (0.001)	Loss 1.6689 (2.9728)	Prec@1 100.000 (15.451)	Prec@5 100.000 (53.748)
Epoch: [0][1980/2049], lr: 0.00100	Time 0.100 (0.098)	Data 0.000 (0.001)	Loss 2.3649 (2.9707)	Prec@1 0.000 (15.396)	Prec@5 100.000 (53.609)
Epoch: [0][2000/2049], lr: 0.00100	Time 0.107 (0.098)	Data 0.000 (0.001)	Loss 2.0471 (2.9645)	Prec@1 0.000 (15.342)	Prec@5 100.000 (53.773)
Epoch: [0][2020/2049], lr: 0.00100	Time 0.095 (0.098)	Data 0.000 (0.001)	Loss 5.3001 (2.9621)	Prec@1 0.000 (15.339)	Prec@5 0.000 (53.736)
Epoch: [0][2040/2049], lr: 0.00100	Time 0.093 (0.098)	Data 0.000 (0.001)	Loss 1.6609 (2.9551)	Prec@1 100.000 (15.483)	Prec@5 100.000 (53.846)
Test: [0/410]	Time 1.783 (1.783)	Loss 2.9578 (2.9578)	Prec@1 0.000 (0.000)	Prec@5 0.000 (0.000)
Test: [20/410]	Time 0.031 (0.132)	Loss 2.9598 (2.9582)	Prec@1 0.000 (0.000)	Prec@5 0.000 (0.000)
Test: [40/410]	Time 0.030 (0.095)	Loss 10.1809 (5.6024)	Prec@1 0.000 (0.000)	Prec@5 0.000 (0.000)
Test: [60/410]	Time 0.030 (0.078)	Loss 3.1778 (6.6409)	Prec@1 0.000 (0.000)	Prec@5 0.000 (0.000)
Test: [80/410]	Time 0.031 (0.072)	Loss 3.1488 (5.7827)	Prec@1 0.000 (0.000)	Prec@5 0.000 (0.000)
Test: [100/410]	Time 0.030 (0.068)	Loss 7.1564 (5.6976)	Prec@1 0.000 (0.000)	Prec@5 0.000 (0.000)
Test: [120/410]	Time 0.030 (0.066)	Loss 2.6379 (5.7855)	Prec@1 0.000 (0.000)	Prec@5 100.000 (3.306)
Test: [140/410]	Time 0.029 (0.067)	Loss 2.6346 (5.3387)	Prec@1 0.000 (0.000)	Prec@5 100.000 (17.021)
Test: [160/410]	Time 0.032 (0.063)	Loss 1.9216 (4.9452)	Prec@1 0.000 (0.000)	Prec@5 100.000 (27.329)
Test: [180/410]	Time 0.167 (0.062)	Loss 3.3242 (4.6964)	Prec@1 0.000 (0.000)	Prec@5 0.000 (29.282)
Test: [200/410]	Time 0.032 (0.063)	Loss 1.9284 (4.5459)	Prec@1 0.000 (0.000)	Prec@5 100.000 (27.363)
Test: [220/410]	Time 0.030 (0.060)	Loss 1.9337 (4.3098)	Prec@1 0.000 (0.000)	Prec@5 100.000 (33.937)
Test: [240/410]	Time 0.030 (0.060)	Loss 1.9264 (4.1122)	Prec@1 0.000 (0.000)	Prec@5 100.000 (39.419)
Test: [260/410]	Time 0.031 (0.058)	Loss 1.9303 (3.9450)	Prec@1 0.000 (0.000)	Prec@5 100.000 (44.061)
Test: [280/410]	Time 0.030 (0.060)	Loss 1.8724 (3.7991)	Prec@1 0.000 (0.000)	Prec@5 100.000 (48.043)
Test: [300/410]	Time 0.030 (0.058)	Loss 1.8720 (3.6711)	Prec@1 0.000 (0.000)	Prec@5 100.000 (51.495)
Test: [320/410]	Time 0.044 (0.056)	Loss 1.8669 (3.5589)	Prec@1 0.000 (0.000)	Prec@5 100.000 (54.517)
Test: [340/410]	Time 0.029 (0.057)	Loss 7.4996 (3.7909)	Prec@1 0.000 (0.000)	Prec@5 0.000 (51.320)
Test: [360/410]	Time 0.032 (0.057)	Loss 1.5995 (3.7393)	Prec@1 100.000 (3.601)	Prec@5 100.000 (52.078)
Test: [380/410]	Time 0.030 (0.057)	Loss 1.6086 (3.6273)	Prec@1 100.000 (8.661)	Prec@5 100.000 (54.593)
Test: [400/410]	Time 0.030 (0.056)	Loss 6.0960 (3.6555)	Prec@1 0.000 (10.224)	Prec@5 0.000 (53.865)
Testing Results: Prec@1 10.000 Prec@5 52.683 Loss 3.68075
Best Prec@1: 10.000

Epoch: [1][0/2049], lr: 0.00100	Time 1.017 (1.017)	Data 0.892 (0.892)	Loss 3.0274 (3.0274)	Prec@1 0.000 (0.000)	Prec@5 0.000 (0.000)
Epoch: [1][20/2049], lr: 0.00100	Time 0.094 (0.160)	Data 0.000 (0.058)	Loss 1.5699 (2.4645)	Prec@1 100.000 (23.810)	Prec@5 100.000 (52.381)
Epoch: [1][40/2049], lr: 0.00100	Time 0.094 (0.129)	Data 0.000 (0.030)	Loss 2.7747 (2.6480)	Prec@1 0.000 (12.195)	Prec@5 0.000 (41.463)
Epoch: [1][60/2049], lr: 0.00100	Time 0.119 (0.119)	Data 0.000 (0.020)	Loss 2.6101 (2.6593)	Prec@1 0.000 (11.475)	Prec@5 0.000 (40.984)
Epoch: [1][80/2049], lr: 0.00100	Time 0.093 (0.114)	Data 0.000 (0.015)	Loss 1.9149 (2.6197)	Prec@1 100.000 (13.580)	Prec@5 100.000 (44.444)
Epoch: [1][100/2049], lr: 0.00100	Time 0.095 (0.111)	Data 0.000 (0.012)	Loss 3.1034 (2.5765)	Prec@1 0.000 (15.842)	Prec@5 0.000 (46.535)
Epoch: [1][120/2049], lr: 0.00100	Time 0.101 (0.109)	Data 0.000 (0.010)	Loss 2.5503 (2.5610)	Prec@1 0.000 (15.702)	Prec@5 100.000 (47.934)
Epoch: [1][140/2049], lr: 0.00100	Time 0.105 (0.108)	Data 0.000 (0.009)	Loss 1.9768 (2.5325)	Prec@1 0.000 (17.021)	Prec@5 100.000 (50.355)
Epoch: [1][160/2049], lr: 0.00100	Time 0.090 (0.107)	Data 0.000 (0.008)	Loss 3.3660 (2.5174)	Prec@1 0.000 (18.012)	Prec@5 0.000 (50.932)
Epoch: [1][180/2049], lr: 0.00100	Time 0.096 (0.106)	Data 0.000 (0.007)	Loss 1.7006 (2.5290)	Prec@1 100.000 (17.127)	Prec@5 100.000 (51.381)
Epoch: [1][200/2049], lr: 0.00100	Time 0.093 (0.105)	Data 0.000 (0.006)	Loss 2.5641 (2.5338)	Prec@1 0.000 (16.915)	Prec@5 100.000 (51.244)
Epoch: [1][220/2049], lr: 0.00100	Time 0.102 (0.105)	Data 0.000 (0.006)	Loss 2.6100 (2.5262)	Prec@1 0.000 (16.290)	Prec@5 100.000 (51.131)
Epoch: [1][240/2049], lr: 0.00100	Time 0.093 (0.104)	Data 0.000 (0.005)	Loss 2.7495 (2.5315)	Prec@1 0.000 (16.598)	Prec@5 0.000 (51.037)
Epoch: [1][260/2049], lr: 0.00100	Time 0.098 (0.103)	Data 0.000 (0.005)	Loss 2.9820 (2.5257)	Prec@1 0.000 (16.858)	Prec@5 0.000 (51.724)
Epoch: [1][280/2049], lr: 0.00100	Time 0.102 (0.103)	Data 0.000 (0.004)	Loss 2.8022 (2.5367)	Prec@1 0.000 (16.014)	Prec@5 0.000 (50.890)
Epoch: [1][300/2049], lr: 0.00100	Time 0.098 (0.102)	Data 0.000 (0.004)	Loss 1.7625 (2.5421)	Prec@1 100.000 (16.611)	Prec@5 100.000 (50.166)
Epoch: [1][320/2049], lr: 0.00100	Time 0.114 (0.102)	Data 0.000 (0.004)	Loss 2.4503 (2.5510)	Prec@1 0.000 (15.888)	Prec@5 100.000 (50.156)
Epoch: [1][340/2049], lr: 0.00100	Time 0.096 (0.102)	Data 0.000 (0.004)	Loss 2.0165 (2.5448)	Prec@1 0.000 (15.543)	Prec@5 100.000 (50.440)
Epoch: [1][360/2049], lr: 0.00100	Time 0.100 (0.102)	Data 0.000 (0.003)	Loss 3.1190 (2.5494)	Prec@1 0.000 (15.512)	Prec@5 0.000 (50.139)
Epoch: [1][380/2049], lr: 0.00100	Time 0.091 (0.102)	Data 0.000 (0.003)	Loss 2.1921 (2.5519)	Prec@1 0.000 (15.223)	Prec@5 100.000 (49.606)
Epoch: [1][400/2049], lr: 0.00100	Time 0.103 (0.102)	Data 0.000 (0.003)	Loss 2.0651 (2.5432)	Prec@1 0.000 (15.212)	Prec@5 100.000 (50.125)
Epoch: [1][420/2049], lr: 0.00100	Time 0.096 (0.102)	Data 0.000 (0.003)	Loss 5.2397 (2.5408)	Prec@1 0.000 (15.914)	Prec@5 0.000 (50.594)
Epoch: [1][440/2049], lr: 0.00100	Time 0.094 (0.102)	Data 0.000 (0.003)	Loss 2.2013 (2.5482)	Prec@1 0.000 (15.420)	Prec@5 100.000 (49.887)
Epoch: [1][460/2049], lr: 0.00100	Time 0.095 (0.101)	Data 0.000 (0.003)	Loss 2.8118 (2.5371)	Prec@1 0.000 (16.052)	Prec@5 0.000 (50.976)
Epoch: [1][480/2049], lr: 0.00100	Time 0.091 (0.101)	Data 0.000 (0.003)	Loss 2.6827 (2.5415)	Prec@1 0.000 (16.008)	Prec@5 0.000 (50.312)
Epoch: [1][500/2049], lr: 0.00100	Time 0.092 (0.101)	Data 0.000 (0.003)	Loss 1.6000 (2.5392)	Prec@1 100.000 (16.966)	Prec@5 100.000 (50.499)
Epoch: [1][520/2049], lr: 0.00100	Time 0.101 (0.101)	Data 0.000 (0.002)	Loss 2.0110 (2.5399)	Prec@1 0.000 (17.083)	Prec@5 100.000 (51.056)
Epoch: [1][540/2049], lr: 0.00100	Time 0.093 (0.101)	Data 0.000 (0.002)	Loss 3.0501 (2.5458)	Prec@1 0.000 (17.190)	Prec@5 0.000 (51.386)
Epoch: [1][560/2049], lr: 0.00100	Time 0.098 (0.101)	Data 0.000 (0.002)	Loss 2.2946 (2.5484)	Prec@1 0.000 (17.112)	Prec@5 100.000 (51.515)
Epoch: [1][580/2049], lr: 0.00100	Time 0.108 (0.101)	Data 0.000 (0.002)	Loss 2.1676 (2.5435)	Prec@1 0.000 (17.212)	Prec@5 100.000 (51.979)
Epoch: [1][600/2049], lr: 0.00100	Time 0.098 (0.101)	Data 0.000 (0.002)	Loss 2.1587 (2.5424)	Prec@1 0.000 (17.471)	Prec@5 100.000 (52.080)
Epoch: [1][620/2049], lr: 0.00100	Time 0.103 (0.101)	Data 0.000 (0.002)	Loss 3.0051 (2.5417)	Prec@1 0.000 (17.230)	Prec@5 0.000 (52.496)
Epoch: [1][640/2049], lr: 0.00100	Time 0.096 (0.101)	Data 0.000 (0.002)	Loss 2.3707 (2.5482)	Prec@1 0.000 (17.161)	Prec@5 100.000 (52.106)
Epoch: [1][660/2049], lr: 0.00100	Time 0.101 (0.101)	Data 0.000 (0.002)	Loss 2.6321 (2.5424)	Prec@1 0.000 (17.095)	Prec@5 100.000 (52.799)
Epoch: [1][680/2049], lr: 0.00100	Time 0.111 (0.101)	Data 0.000 (0.002)	Loss 2.4498 (2.5373)	Prec@1 0.000 (17.181)	Prec@5 100.000 (53.157)
Epoch: [1][700/2049], lr: 0.00100	Time 0.102 (0.101)	Data 0.000 (0.002)	Loss 1.7158 (2.5420)	Prec@1 100.000 (17.404)	Prec@5 100.000 (53.067)
Epoch: [1][720/2049], lr: 0.00100	Time 0.102 (0.101)	Data 0.000 (0.002)	Loss 2.2100 (2.5453)	Prec@1 0.000 (17.060)	Prec@5 100.000 (53.398)
Epoch: [1][740/2049], lr: 0.00100	Time 0.104 (0.101)	Data 0.000 (0.002)	Loss 2.0501 (2.5442)	Prec@1 0.000 (16.734)	Prec@5 100.000 (53.576)
Epoch: [1][760/2049], lr: 0.00100	Time 0.108 (0.101)	Data 0.000 (0.002)	Loss 2.8282 (2.5377)	Prec@1 0.000 (16.426)	Prec@5 0.000 (54.139)
Epoch: [1][780/2049], lr: 0.00100	Time 0.100 (0.101)	Data 0.000 (0.002)	Loss 2.9137 (2.5391)	Prec@1 0.000 (16.261)	Prec@5 0.000 (54.033)
Epoch: [1][800/2049], lr: 0.00100	Time 0.108 (0.101)	Data 0.000 (0.002)	Loss 2.0700 (2.5395)	Prec@1 0.000 (16.105)	Prec@5 100.000 (54.307)
Epoch: [1][820/2049], lr: 0.00100	Time 0.101 (0.101)	Data 0.000 (0.002)	Loss 3.3200 (2.5394)	Prec@1 0.000 (15.956)	Prec@5 0.000 (54.324)
Epoch: [1][840/2049], lr: 0.00100	Time 0.101 (0.101)	Data 0.000 (0.002)	Loss 1.9463 (2.5398)	Prec@1 100.000 (15.815)	Prec@5 100.000 (54.221)
Epoch: [1][860/2049], lr: 0.00100	Time 0.107 (0.101)	Data 0.000 (0.001)	Loss 2.3421 (2.5388)	Prec@1 0.000 (15.679)	Prec@5 100.000 (54.355)
Epoch: [1][880/2049], lr: 0.00100	Time 0.102 (0.101)	Data 0.000 (0.001)	Loss 2.9042 (2.5393)	Prec@1 0.000 (15.891)	Prec@5 0.000 (54.597)
Epoch: [1][900/2049], lr: 0.00100	Time 0.112 (0.101)	Data 0.000 (0.001)	Loss 1.9257 (2.5403)	Prec@1 100.000 (15.649)	Prec@5 100.000 (54.495)
Epoch: [1][920/2049], lr: 0.00100	Time 0.103 (0.101)	Data 0.000 (0.001)	Loss 1.8478 (2.5375)	Prec@1 100.000 (15.961)	Prec@5 100.000 (54.723)
Epoch: [1][940/2049], lr: 0.00100	Time 0.096 (0.102)	Data 0.000 (0.001)	Loss 1.7849 (2.5387)	Prec@1 100.000 (15.940)	Prec@5 100.000 (54.835)
Epoch: [1][960/2049], lr: 0.00100	Time 0.103 (0.102)	Data 0.000 (0.001)	Loss 2.5710 (2.5340)	Prec@1 0.000 (16.441)	Prec@5 100.000 (55.151)
Epoch: [1][980/2049], lr: 0.00100	Time 0.101 (0.102)	Data 0.000 (0.001)	Loss 3.1663 (2.5340)	Prec@1 0.000 (16.310)	Prec@5 0.000 (55.148)
Epoch: [1][1000/2049], lr: 0.00100	Time 0.128 (0.102)	Data 0.000 (0.001)	Loss 2.1344 (2.5332)	Prec@1 0.000 (16.084)	Prec@5 100.000 (55.245)
Epoch: [1][1020/2049], lr: 0.00100	Time 0.100 (0.102)	Data 0.000 (0.001)	Loss 2.6922 (2.5362)	Prec@1 0.000 (15.769)	Prec@5 0.000 (54.946)
Epoch: [1][1040/2049], lr: 0.00100	Time 0.104 (0.102)	Data 0.000 (0.001)	Loss 2.5088 (2.5383)	Prec@1 0.000 (15.562)	Prec@5 100.000 (54.947)
Epoch: [1][1060/2049], lr: 0.00100	Time 0.110 (0.102)	Data 0.000 (0.001)	Loss 1.9127 (2.5402)	Prec@1 100.000 (15.551)	Prec@5 100.000 (54.854)
Epoch: [1][1080/2049], lr: 0.00100	Time 0.106 (0.102)	Data 0.000 (0.001)	Loss 3.0530 (2.5334)	Prec@1 0.000 (16.096)	Prec@5 0.000 (55.319)
Epoch: [1][1100/2049], lr: 0.00100	Time 0.103 (0.102)	Data 0.000 (0.001)	Loss 3.1299 (2.5333)	Prec@1 0.000 (15.985)	Prec@5 0.000 (55.223)
Epoch: [1][1120/2049], lr: 0.00100	Time 0.097 (0.102)	Data 0.000 (0.001)	Loss 2.8623 (2.5362)	Prec@1 0.000 (15.700)	Prec@5 0.000 (55.040)
Epoch: [1][1140/2049], lr: 0.00100	Time 0.098 (0.102)	Data 0.000 (0.001)	Loss 2.4078 (2.5381)	Prec@1 0.000 (15.513)	Prec@5 100.000 (54.952)
Epoch: [1][1160/2049], lr: 0.00100	Time 0.104 (0.101)	Data 0.000 (0.001)	Loss 2.4124 (2.5414)	Prec@1 0.000 (15.418)	Prec@5 100.000 (54.866)
Epoch: [1][1180/2049], lr: 0.00100	Time 0.090 (0.101)	Data 0.000 (0.001)	Loss 2.1815 (2.5431)	Prec@1 0.000 (15.411)	Prec@5 100.000 (54.615)
Epoch: [1][1200/2049], lr: 0.00100	Time 0.086 (0.101)	Data 0.000 (0.001)	Loss 2.1233 (2.5427)	Prec@1 0.000 (15.237)	Prec@5 100.000 (54.704)
Epoch: [1][1220/2049], lr: 0.00100	Time 0.091 (0.101)	Data 0.000 (0.001)	Loss 1.8987 (2.5436)	Prec@1 100.000 (15.315)	Prec@5 100.000 (54.791)
Epoch: [1][1240/2049], lr: 0.00100	Time 0.093 (0.101)	Data 0.000 (0.001)	Loss 3.1128 (2.5449)	Prec@1 0.000 (15.230)	Prec@5 0.000 (54.714)
Epoch: [1][1260/2049], lr: 0.00100	Time 0.087 (0.101)	Data 0.000 (0.001)	Loss 2.3354 (2.5432)	Prec@1 0.000 (15.147)	Prec@5 100.000 (54.798)
Epoch: [1][1280/2049], lr: 0.00100	Time 0.098 (0.101)	Data 0.000 (0.001)	Loss 5.2755 (2.5452)	Prec@1 0.000 (15.301)	Prec@5 0.000 (54.801)
Epoch: [1][1300/2049], lr: 0.00100	Time 0.098 (0.101)	Data 0.000 (0.001)	Loss 2.1818 (2.5443)	Prec@1 0.000 (15.296)	Prec@5 100.000 (54.804)
Epoch: [1][1320/2049], lr: 0.00100	Time 0.088 (0.100)	Data 0.000 (0.001)	Loss 2.3026 (2.5445)	Prec@1 0.000 (15.216)	Prec@5 100.000 (54.656)
Epoch: [1][1340/2049], lr: 0.00100	Time 0.089 (0.100)	Data 0.000 (0.001)	Loss 2.4584 (2.5455)	Prec@1 0.000 (15.138)	Prec@5 0.000 (54.437)
Epoch: [1][1360/2049], lr: 0.00100	Time 0.090 (0.100)	Data 0.000 (0.001)	Loss 2.4574 (2.5459)	Prec@1 0.000 (15.136)	Prec@5 0.000 (54.151)
Epoch: [1][1380/2049], lr: 0.00100	Time 0.086 (0.100)	Data 0.000 (0.001)	Loss 2.9827 (2.5458)	Prec@1 0.000 (15.279)	Prec@5 0.000 (54.019)
Epoch: [1][1400/2049], lr: 0.00100	Time 0.100 (0.100)	Data 0.000 (0.001)	Loss 1.7976 (2.5479)	Prec@1 100.000 (15.346)	Prec@5 100.000 (54.033)
Epoch: [1][1420/2049], lr: 0.00100	Time 0.088 (0.100)	Data 0.000 (0.001)	Loss 2.5478 (2.5522)	Prec@1 0.000 (15.201)	Prec@5 100.000 (54.046)
Epoch: [1][1440/2049], lr: 0.00100	Time 0.096 (0.100)	Data 0.000 (0.001)	Loss 2.4272 (2.5503)	Prec@1 0.000 (15.267)	Prec@5 100.000 (54.198)
Epoch: [1][1460/2049], lr: 0.00100	Time 0.095 (0.100)	Data 0.000 (0.001)	Loss 2.8533 (2.5486)	Prec@1 0.000 (15.400)	Prec@5 0.000 (54.278)
Epoch: [1][1480/2049], lr: 0.00100	Time 0.095 (0.099)	Data 0.000 (0.001)	Loss 1.7680 (2.5503)	Prec@1 100.000 (15.395)	Prec@5 100.000 (54.220)
Epoch: [1][1500/2049], lr: 0.00100	Time 0.099 (0.099)	Data 0.000 (0.001)	Loss 3.0164 (2.5489)	Prec@1 0.000 (15.390)	Prec@5 0.000 (54.031)
Epoch: [1][1520/2049], lr: 0.00100	Time 0.104 (0.099)	Data 0.000 (0.001)	Loss 2.3843 (2.5503)	Prec@1 0.000 (15.385)	Prec@5 100.000 (53.978)
Epoch: [1][1540/2049], lr: 0.00100	Time 0.091 (0.099)	Data 0.000 (0.001)	Loss 2.3557 (2.5473)	Prec@1 0.000 (15.574)	Prec@5 100.000 (54.250)
Epoch: [1][1560/2049], lr: 0.00100	Time 0.105 (0.099)	Data 0.000 (0.001)	Loss 3.1015 (2.5489)	Prec@1 0.000 (15.439)	Prec@5 0.000 (54.132)
Epoch: [1][1580/2049], lr: 0.00100	Time 0.087 (0.099)	Data 0.000 (0.001)	Loss 2.3156 (2.5483)	Prec@1 0.000 (15.560)	Prec@5 100.000 (54.080)
Epoch: [1][1600/2049], lr: 0.00100	Time 0.100 (0.099)	Data 0.000 (0.001)	Loss 2.8680 (2.5468)	Prec@1 0.000 (15.490)	Prec@5 0.000 (54.216)
Epoch: [1][1620/2049], lr: 0.00100	Time 0.104 (0.099)	Data 0.000 (0.001)	Loss 2.6501 (2.5459)	Prec@1 0.000 (15.484)	Prec@5 0.000 (54.102)
Epoch: [1][1640/2049], lr: 0.00100	Time 0.098 (0.099)	Data 0.000 (0.001)	Loss 2.3827 (2.5447)	Prec@1 0.000 (15.661)	Prec@5 100.000 (54.174)
Epoch: [1][1660/2049], lr: 0.00100	Time 0.088 (0.099)	Data 0.000 (0.001)	Loss 2.3610 (2.5452)	Prec@1 0.000 (15.653)	Prec@5 100.000 (54.124)
Epoch: [1][1680/2049], lr: 0.00100	Time 0.097 (0.099)	Data 0.000 (0.001)	Loss 2.8242 (2.5460)	Prec@1 0.000 (15.526)	Prec@5 0.000 (54.075)
Epoch: [1][1700/2049], lr: 0.00100	Time 0.089 (0.099)	Data 0.000 (0.001)	Loss 2.7788 (2.5461)	Prec@1 0.000 (15.520)	Prec@5 0.000 (54.203)
Epoch: [1][1720/2049], lr: 0.00100	Time 0.086 (0.099)	Data 0.000 (0.001)	Loss 2.1429 (2.5459)	Prec@1 0.000 (15.630)	Prec@5 100.000 (54.096)
Epoch: [1][1740/2049], lr: 0.00100	Time 0.089 (0.098)	Data 0.000 (0.001)	Loss 3.0167 (2.5443)	Prec@1 0.000 (15.738)	Prec@5 0.000 (54.164)
Epoch: [1][1760/2049], lr: 0.00100	Time 0.098 (0.098)	Data 0.000 (0.001)	Loss 2.5356 (2.5432)	Prec@1 0.000 (15.786)	Prec@5 100.000 (54.174)
Epoch: [1][1780/2049], lr: 0.00100	Time 0.091 (0.098)	Data 0.000 (0.001)	Loss 1.9936 (2.5420)	Prec@1 0.000 (15.890)	Prec@5 100.000 (54.295)
Epoch: [1][1800/2049], lr: 0.00100	Time 0.096 (0.098)	Data 0.000 (0.001)	Loss 1.8834 (2.5396)	Prec@1 0.000 (15.991)	Prec@5 100.000 (54.414)
Epoch: [1][1820/2049], lr: 0.00100	Time 0.091 (0.098)	Data 0.000 (0.001)	Loss 3.0671 (2.5401)	Prec@1 0.000 (16.090)	Prec@5 0.000 (54.476)
Epoch: [1][1840/2049], lr: 0.00100	Time 0.099 (0.098)	Data 0.000 (0.001)	Loss 1.8243 (2.5390)	Prec@1 0.000 (16.078)	Prec@5 100.000 (54.536)
Epoch: [1][1860/2049], lr: 0.00100	Time 0.100 (0.098)	Data 0.000 (0.001)	Loss 2.7670 (2.5405)	Prec@1 0.000 (15.905)	Prec@5 0.000 (54.272)
Epoch: [1][1880/2049], lr: 0.00100	Time 0.099 (0.098)	Data 0.000 (0.001)	Loss 2.1022 (2.5399)	Prec@1 0.000 (15.789)	Prec@5 100.000 (54.333)
Epoch: [1][1900/2049], lr: 0.00100	Time 0.089 (0.098)	Data 0.000 (0.001)	Loss 2.9291 (2.5376)	Prec@1 0.000 (15.834)	Prec@5 0.000 (54.498)
Epoch: [1][1920/2049], lr: 0.00100	Time 0.100 (0.098)	Data 0.000 (0.001)	Loss 2.6984 (2.5390)	Prec@1 0.000 (15.669)	Prec@5 0.000 (54.451)
Epoch: [1][1940/2049], lr: 0.00100	Time 0.102 (0.098)	Data 0.000 (0.001)	Loss 2.0042 (2.5391)	Prec@1 0.000 (15.611)	Prec@5 100.000 (54.353)
Epoch: [1][1960/2049], lr: 0.00100	Time 0.102 (0.098)	Data 0.000 (0.001)	Loss 3.2508 (2.5383)	Prec@1 0.000 (15.604)	Prec@5 0.000 (54.411)
Epoch: [1][1980/2049], lr: 0.00100	Time 0.095 (0.098)	Data 0.000 (0.001)	Loss 1.6917 (2.5354)	Prec@1 100.000 (15.800)	Prec@5 100.000 (54.568)
Epoch: [1][2000/2049], lr: 0.00100	Time 0.098 (0.098)	Data 0.000 (0.001)	Loss 2.2721 (2.5371)	Prec@1 0.000 (15.892)	Prec@5 100.000 (54.523)
Epoch: [1][2020/2049], lr: 0.00100	Time 0.092 (0.098)	Data 0.000 (0.001)	Loss 2.3014 (2.5359)	Prec@1 0.000 (15.933)	Prec@5 100.000 (54.626)
Epoch: [1][2040/2049], lr: 0.00100	Time 0.085 (0.098)	Data 0.000 (0.001)	Loss 2.7789 (2.5377)	Prec@1 0.000 (15.924)	Prec@5 0.000 (54.483)
Test: [0/410]	Time 0.617 (0.617)	Loss 2.8624 (2.8624)	Prec@1 0.000 (0.000)	Prec@5 0.000 (0.000)
Test: [20/410]	Time 0.031 (0.061)	Loss 2.8638 (2.8627)	Prec@1 0.000 (0.000)	Prec@5 0.000 (0.000)
Test: [40/410]	Time 0.030 (0.046)	Loss 9.4478 (5.2734)	Prec@1 0.000 (0.000)	Prec@5 0.000 (0.000)
Test: [60/410]	Time 0.031 (0.041)	Loss 3.6857 (6.2612)	Prec@1 0.000 (0.000)	Prec@5 0.000 (0.000)
Test: [80/410]	Time 0.031 (0.039)	Loss 3.6558 (5.6223)	Prec@1 0.000 (0.000)	Prec@5 0.000 (0.000)
Test: [100/410]	Time 0.031 (0.037)	Loss 6.4372 (5.5358)	Prec@1 0.000 (0.000)	Prec@5 0.000 (0.000)
Test: [120/410]	Time 0.032 (0.036)	Loss 2.1971 (5.5412)	Prec@1 0.000 (0.000)	Prec@5 100.000 (3.306)
Test: [140/410]	Time 0.031 (0.035)	Loss 2.1939 (5.0665)	Prec@1 0.000 (0.000)	Prec@5 100.000 (17.021)
Test: [160/410]	Time 0.030 (0.035)	Loss 2.1671 (4.7075)	Prec@1 0.000 (0.000)	Prec@5 100.000 (27.329)
Test: [180/410]	Time 0.030 (0.034)	Loss 2.7359 (4.4614)	Prec@1 0.000 (0.000)	Prec@5 0.000 (29.282)
Test: [200/410]	Time 0.030 (0.034)	Loss 1.9136 (4.2815)	Prec@1 0.000 (0.000)	Prec@5 100.000 (27.363)
Test: [220/410]	Time 0.031 (0.034)	Loss 1.9183 (4.0678)	Prec@1 0.000 (0.000)	Prec@5 100.000 (33.937)
Test: [240/410]	Time 0.031 (0.033)	Loss 1.9110 (3.8890)	Prec@1 0.000 (0.000)	Prec@5 100.000 (39.419)
Test: [260/410]	Time 0.030 (0.033)	Loss 1.9149 (3.7377)	Prec@1 0.000 (0.000)	Prec@5 100.000 (44.061)
Test: [280/410]	Time 0.031 (0.033)	Loss 1.9810 (3.6107)	Prec@1 0.000 (0.000)	Prec@5 100.000 (48.043)
Test: [300/410]	Time 0.031 (0.033)	Loss 1.9809 (3.5025)	Prec@1 0.000 (0.000)	Prec@5 100.000 (51.495)
Test: [320/410]	Time 0.031 (0.033)	Loss 1.9760 (3.4076)	Prec@1 0.000 (0.000)	Prec@5 100.000 (54.517)
Test: [340/410]	Time 0.031 (0.033)	Loss 7.3839 (3.6416)	Prec@1 0.000 (0.000)	Prec@5 0.000 (51.320)
Test: [360/410]	Time 0.031 (0.032)	Loss 1.4786 (3.5969)	Prec@1 100.000 (3.601)	Prec@5 100.000 (52.078)
Test: [380/410]	Time 0.029 (0.032)	Loss 1.4874 (3.4861)	Prec@1 100.000 (8.661)	Prec@5 100.000 (54.593)
Test: [400/410]	Time 0.030 (0.032)	Loss 5.7717 (3.5109)	Prec@1 0.000 (10.224)	Prec@5 0.000 (53.865)
Testing Results: Prec@1 10.000 Prec@5 52.683 Loss 3.53567
Best Prec@1: 10.000

Epoch: [2][0/2049], lr: 0.00100	Time 1.345 (1.345)	Data 1.213 (1.213)	Loss 2.4874 (2.4874)	Prec@1 0.000 (0.000)	Prec@5 100.000 (100.000)
Epoch: [2][20/2049], lr: 0.00100	Time 0.088 (0.153)	Data 0.000 (0.058)	Loss 2.5906 (2.7710)	Prec@1 0.000 (9.524)	Prec@5 0.000 (42.857)
Epoch: [2][40/2049], lr: 0.00100	Time 0.095 (0.124)	Data 0.000 (0.030)	Loss 2.3845 (2.6679)	Prec@1 0.000 (12.195)	Prec@5 100.000 (48.780)
