Epoch: [0][0/118], lr: 0.00010	Time 18.455 (18.455)	Data 5.604 (5.604)	Loss 2.4717 (2.4717)	Prec@1 17.188 (17.188)	Prec@5 53.125 (53.125)
Epoch: [0][20/118], lr: 0.00010	Time 1.648 (2.453)	Data 0.000 (0.267)	Loss 1.9745 (2.2000)	Prec@1 42.188 (29.390)	Prec@5 82.812 (69.048)
Epoch: [0][40/118], lr: 0.00010	Time 1.698 (2.066)	Data 0.000 (0.137)	Loss 1.5828 (2.0108)	Prec@1 48.438 (33.651)	Prec@5 90.625 (78.277)
Epoch: [0][60/118], lr: 0.00010	Time 1.701 (1.937)	Data 0.000 (0.092)	Loss 1.6801 (1.8650)	Prec@1 46.875 (38.473)	Prec@5 87.500 (82.812)
Epoch: [0][80/118], lr: 0.00010	Time 1.654 (1.872)	Data 0.000 (0.069)	Loss 1.2335 (1.7457)	Prec@1 53.125 (41.995)	Prec@5 98.438 (85.552)
Epoch: [0][100/118], lr: 0.00010	Time 1.661 (1.829)	Data 0.000 (0.056)	Loss 1.1644 (1.6378)	Prec@1 60.938 (44.740)	Prec@5 96.875 (87.717)
Test: [0/24]	Time 3.435 (3.435)	Loss 0.8860 (0.8860)	Prec@1 70.312 (70.312)	Prec@5 98.438 (98.438)
Test: [20/24]	Time 0.768 (0.981)	Loss 1.4805 (1.1052)	Prec@1 54.688 (58.780)	Prec@5 95.312 (97.842)
Testing Results: Prec@1 58.793 Prec@5 97.900 Loss 1.10023
Best Prec@1: 58.793

Epoch: [1][0/118], lr: 0.00010	Time 4.605 (4.605)	Data 2.779 (2.779)	Loss 1.1818 (1.1818)	Prec@1 59.375 (59.375)	Prec@5 98.438 (98.438)
Epoch: [1][20/118], lr: 0.00010	Time 1.660 (1.808)	Data 0.000 (0.132)	Loss 1.1158 (1.1446)	Prec@1 56.250 (56.920)	Prec@5 96.875 (97.247)
Epoch: [1][40/118], lr: 0.00010	Time 1.682 (1.746)	Data 0.000 (0.068)	Loss 1.0890 (1.1171)	Prec@1 59.375 (58.003)	Prec@5 98.438 (97.637)
Epoch: [1][60/118], lr: 0.00010	Time 1.727 (1.728)	Data 0.000 (0.046)	Loss 0.9632 (1.0902)	Prec@1 64.062 (58.888)	Prec@5 98.438 (97.695)
Epoch: [1][80/118], lr: 0.00010	Time 1.690 (1.719)	Data 0.000 (0.034)	Loss 1.0138 (1.0723)	Prec@1 67.188 (60.089)	Prec@5 92.188 (97.492)
Epoch: [1][100/118], lr: 0.00010	Time 1.674 (1.712)	Data 0.000 (0.028)	Loss 0.7511 (1.0510)	Prec@1 68.750 (61.030)	Prec@5 96.875 (97.540)
Test: [0/24]	Time 4.445 (4.445)	Loss 0.8884 (0.8884)	Prec@1 62.500 (62.500)	Prec@5 100.000 (100.000)
Test: [20/24]	Time 0.776 (0.960)	Loss 1.3237 (1.0376)	Prec@1 57.812 (62.872)	Prec@5 98.438 (99.554)
Testing Results: Prec@1 63.058 Prec@5 99.541 Loss 1.02526
Best Prec@1: 63.058

Epoch: [2][0/118], lr: 0.00010	Time 4.730 (4.730)	Data 3.018 (3.018)	Loss 0.7518 (0.7518)	Prec@1 73.438 (73.438)	Prec@5 98.438 (98.438)
Epoch: [2][20/118], lr: 0.00010	Time 1.675 (1.828)	Data 0.000 (0.144)	Loss 0.9360 (0.8716)	Prec@1 64.062 (67.783)	Prec@5 100.000 (98.289)
Epoch: [2][40/118], lr: 0.00010	Time 1.679 (1.762)	Data 0.000 (0.074)	Loss 0.9083 (0.8989)	Prec@1 71.875 (67.683)	Prec@5 95.312 (98.056)
Epoch: [2][60/118], lr: 0.00010	Time 1.678 (1.743)	Data 0.000 (0.050)	Loss 0.8241 (0.8896)	Prec@1 71.875 (68.340)	Prec@5 98.438 (98.105)
Epoch: [2][80/118], lr: 0.00010	Time 1.670 (1.731)	Data 0.000 (0.037)	Loss 0.7700 (0.8880)	Prec@1 71.875 (67.940)	Prec@5 100.000 (98.148)
Epoch: [2][100/118], lr: 0.00010	Time 1.668 (1.721)	Data 0.000 (0.030)	Loss 0.8285 (0.8882)	Prec@1 71.875 (67.806)	Prec@5 100.000 (98.205)
Test: [0/24]	Time 4.167 (4.167)	Loss 0.9054 (0.9054)	Prec@1 62.500 (62.500)	Prec@5 100.000 (100.000)
Test: [20/24]	Time 0.770 (0.940)	Loss 1.4481 (0.9483)	Prec@1 56.250 (65.327)	Prec@5 95.312 (99.107)
Testing Results: Prec@1 65.420 Prec@5 99.213 Loss 0.93169
Best Prec@1: 65.420

Epoch: [3][0/118], lr: 0.00010	Time 5.719 (5.719)	Data 3.983 (3.983)	Loss 0.8329 (0.8329)	Prec@1 65.625 (65.625)	Prec@5 98.438 (98.438)
Epoch: [3][20/118], lr: 0.00010	Time 1.656 (1.864)	Data 0.000 (0.190)	Loss 0.7060 (0.7767)	Prec@1 75.000 (70.536)	Prec@5 98.438 (98.438)
Epoch: [3][40/118], lr: 0.00010	Time 1.698 (1.782)	Data 0.000 (0.097)	Loss 0.8409 (0.7929)	Prec@1 62.500 (70.427)	Prec@5 98.438 (98.590)
Epoch: [3][60/118], lr: 0.00010	Time 1.683 (1.755)	Data 0.000 (0.065)	Loss 0.8259 (0.7920)	Prec@1 65.625 (70.005)	Prec@5 98.438 (98.668)
Epoch: [3][80/118], lr: 0.00010	Time 1.689 (1.741)	Data 0.000 (0.049)	Loss 0.5455 (0.7826)	Prec@1 79.688 (70.312)	Prec@5 100.000 (98.688)
Epoch: [3][100/118], lr: 0.00010	Time 1.674 (1.729)	Data 0.000 (0.040)	Loss 0.6061 (0.7791)	Prec@1 79.688 (70.699)	Prec@5 100.000 (98.639)
Test: [0/24]	Time 3.530 (3.530)	Loss 0.8062 (0.8062)	Prec@1 71.875 (71.875)	Prec@5 100.000 (100.000)
Test: [20/24]	Time 0.769 (0.928)	Loss 1.2461 (0.8670)	Prec@1 60.938 (68.750)	Prec@5 98.438 (99.702)
Testing Results: Prec@1 69.160 Prec@5 99.738 Loss 0.84063
Best Prec@1: 69.160

Epoch: [4][0/118], lr: 0.00010	Time 5.965 (5.965)	Data 4.274 (4.274)	Loss 0.5234 (0.5234)	Prec@1 81.250 (81.250)	Prec@5 100.000 (100.000)
Epoch: [4][20/118], lr: 0.00010	Time 1.691 (1.926)	Data 0.000 (0.204)	Loss 1.0111 (0.7118)	Prec@1 62.500 (75.149)	Prec@5 98.438 (98.810)
Epoch: [4][40/118], lr: 0.00010	Time 1.676 (1.834)	Data 0.000 (0.104)	Loss 0.9027 (0.7274)	Prec@1 68.750 (73.857)	Prec@5 98.438 (98.819)
Epoch: [4][60/118], lr: 0.00010	Time 1.678 (1.787)	Data 0.000 (0.070)	Loss 0.8157 (0.7184)	Prec@1 68.750 (74.078)	Prec@5 98.438 (98.719)
Epoch: [4][80/118], lr: 0.00010	Time 1.688 (1.766)	Data 0.000 (0.053)	Loss 0.5801 (0.7132)	Prec@1 76.562 (74.093)	Prec@5 100.000 (98.785)
Epoch: [4][100/118], lr: 0.00010	Time 1.675 (1.750)	Data 0.000 (0.042)	Loss 0.6164 (0.7101)	Prec@1 75.000 (74.196)	Prec@5 100.000 (98.716)
Test: [0/24]	Time 4.301 (4.301)	Loss 0.8253 (0.8253)	Prec@1 70.312 (70.312)	Prec@5 100.000 (100.000)
Test: [20/24]	Time 0.773 (0.947)	Loss 1.1854 (0.9447)	Prec@1 65.625 (68.229)	Prec@5 98.438 (99.405)
Testing Results: Prec@1 68.504 Prec@5 99.475 Loss 0.92049
Best Prec@1: 69.160

Epoch: [5][0/118], lr: 0.00010	Time 5.257 (5.257)	Data 3.552 (3.552)	Loss 0.4819 (0.4819)	Prec@1 79.688 (79.688)	Prec@5 100.000 (100.000)
Epoch: [5][20/118], lr: 0.00010	Time 1.662 (1.839)	Data 0.000 (0.169)	Loss 0.7824 (0.6176)	Prec@1 73.438 (76.562)	Prec@5 100.000 (99.702)
Epoch: [5][40/118], lr: 0.00010	Time 1.715 (1.763)	Data 0.000 (0.087)	Loss 0.6109 (0.6269)	Prec@1 73.438 (76.448)	Prec@5 100.000 (99.428)
Epoch: [5][60/118], lr: 0.00010	Time 1.686 (1.741)	Data 0.000 (0.058)	Loss 0.5893 (0.6453)	Prec@1 78.125 (75.973)	Prec@5 96.875 (99.206)
Epoch: [5][80/118], lr: 0.00010	Time 1.681 (1.729)	Data 0.000 (0.044)	Loss 0.7169 (0.6507)	Prec@1 76.562 (75.752)	Prec@5 100.000 (99.325)
Epoch: [5][100/118], lr: 0.00010	Time 1.668 (1.720)	Data 0.000 (0.035)	Loss 0.5970 (0.6424)	Prec@1 75.000 (76.191)	Prec@5 100.000 (99.304)
Test: [0/24]	Time 4.829 (4.829)	Loss 1.0577 (1.0577)	Prec@1 60.938 (60.938)	Prec@5 98.438 (98.438)
Test: [20/24]	Time 0.773 (0.967)	Loss 1.6951 (1.0806)	Prec@1 56.250 (66.815)	Prec@5 95.312 (98.958)
Testing Results: Prec@1 67.782 Prec@5 99.081 Loss 1.04092
Best Prec@1: 69.160

Epoch: [6][0/118], lr: 0.00010	Time 4.216 (4.216)	Data 2.484 (2.484)	Loss 0.7542 (0.7542)	Prec@1 73.438 (73.438)	Prec@5 98.438 (98.438)
Epoch: [6][20/118], lr: 0.00010	Time 1.673 (1.807)	Data 0.000 (0.118)	Loss 0.7782 (0.6318)	Prec@1 71.875 (77.307)	Prec@5 98.438 (99.256)
Epoch: [6][40/118], lr: 0.00010	Time 1.696 (1.749)	Data 0.000 (0.061)	Loss 0.6164 (0.6227)	Prec@1 78.125 (77.439)	Prec@5 100.000 (99.162)
Epoch: [6][60/118], lr: 0.00010	Time 1.751 (1.734)	Data 0.000 (0.041)	Loss 0.5475 (0.6304)	Prec@1 81.250 (76.844)	Prec@5 100.000 (99.027)
Epoch: [6][80/118], lr: 0.00010	Time 1.721 (1.727)	Data 0.000 (0.031)	Loss 0.5140 (0.6215)	Prec@1 79.688 (77.083)	Prec@5 100.000 (99.035)
Epoch: [6][100/118], lr: 0.00010	Time 1.672 (1.719)	Data 0.000 (0.025)	Loss 0.5587 (0.6159)	Prec@1 75.000 (77.429)	Prec@5 98.438 (98.948)
Test: [0/24]	Time 3.469 (3.469)	Loss 0.6768 (0.6768)	Prec@1 75.000 (75.000)	Prec@5 100.000 (100.000)
Test: [20/24]	Time 0.776 (0.970)	Loss 1.2047 (0.6996)	Prec@1 62.500 (76.339)	Prec@5 96.875 (99.479)
Testing Results: Prec@1 76.444 Prec@5 99.541 Loss 0.68801
Best Prec@1: 76.444

Epoch: [7][0/118], lr: 0.00010	Time 4.272 (4.272)	Data 2.510 (2.510)	Loss 0.6115 (0.6115)	Prec@1 78.125 (78.125)	Prec@5 100.000 (100.000)
Epoch: [7][20/118], lr: 0.00010	Time 1.666 (1.794)	Data 0.000 (0.120)	Loss 0.5300 (0.5929)	Prec@1 79.688 (79.018)	Prec@5 98.438 (98.884)
Epoch: [7][40/118], lr: 0.00010	Time 1.677 (1.738)	Data 0.000 (0.061)	Loss 0.4268 (0.5931)	Prec@1 82.812 (78.887)	Prec@5 98.438 (98.628)
Epoch: [7][60/118], lr: 0.00010	Time 1.734 (1.725)	Data 0.000 (0.041)	Loss 0.3255 (0.5783)	Prec@1 89.062 (79.508)	Prec@5 100.000 (98.822)
Epoch: [7][80/118], lr: 0.00010	Time 1.681 (1.720)	Data 0.000 (0.031)	Loss 0.5091 (0.5618)	Prec@1 79.688 (79.765)	Prec@5 100.000 (99.016)
Epoch: [7][100/118], lr: 0.00010	Time 1.675 (1.714)	Data 0.000 (0.025)	Loss 0.6178 (0.5532)	Prec@1 73.438 (80.012)	Prec@5 100.000 (99.025)
Test: [0/24]	Time 3.323 (3.323)	Loss 0.7712 (0.7712)	Prec@1 75.000 (75.000)	Prec@5 100.000 (100.000)
Test: [20/24]	Time 0.769 (0.923)	Loss 1.4760 (0.6667)	Prec@1 51.562 (76.786)	Prec@5 95.312 (99.107)
Testing Results: Prec@1 77.690 Prec@5 99.213 Loss 0.63563
Best Prec@1: 77.690

Epoch: [8][0/118], lr: 0.00010	Time 4.227 (4.227)	Data 2.452 (2.452)	Loss 0.6679 (0.6679)	Prec@1 82.812 (82.812)	Prec@5 98.438 (98.438)
Epoch: [8][20/118], lr: 0.00010	Time 1.787 (1.804)	Data 0.000 (0.122)	Loss 0.5911 (0.5620)	Prec@1 78.125 (80.134)	Prec@5 98.438 (99.107)
Epoch: [8][40/118], lr: 0.00010	Time 1.717 (1.743)	Data 0.000 (0.063)	Loss 0.3818 (0.5505)	Prec@1 84.375 (79.497)	Prec@5 98.438 (99.047)
Epoch: [8][60/118], lr: 0.00010	Time 1.685 (1.724)	Data 0.000 (0.042)	Loss 0.6236 (0.5393)	Prec@1 75.000 (79.559)	Prec@5 100.000 (99.129)
Epoch: [8][80/118], lr: 0.00010	Time 1.674 (1.716)	Data 0.000 (0.032)	Loss 0.4649 (0.5250)	Prec@1 76.562 (79.823)	Prec@5 100.000 (99.248)
Epoch: [8][100/118], lr: 0.00010	Time 1.670 (1.710)	Data 0.000 (0.026)	Loss 0.5370 (0.5258)	Prec@1 76.562 (79.981)	Prec@5 96.875 (99.149)
Test: [0/24]	Time 3.962 (3.962)	Loss 0.5649 (0.5649)	Prec@1 82.812 (82.812)	Prec@5 100.000 (100.000)
Test: [20/24]	Time 0.771 (0.931)	Loss 1.3958 (0.8125)	Prec@1 62.500 (76.562)	Prec@5 95.312 (99.107)
Testing Results: Prec@1 76.509 Prec@5 99.147 Loss 0.80063
Best Prec@1: 77.690

Epoch: [9][0/118], lr: 0.00010	Time 4.440 (4.440)	Data 2.714 (2.714)	Loss 0.5226 (0.5226)	Prec@1 82.812 (82.812)	Prec@5 100.000 (100.000)
Epoch: [9][20/118], lr: 0.00010	Time 1.711 (1.815)	Data 0.000 (0.129)	Loss 0.4362 (0.4960)	Prec@1 87.500 (81.027)	Prec@5 100.000 (99.479)
Epoch: [9][40/118], lr: 0.00010	Time 1.695 (1.751)	Data 0.000 (0.066)	Loss 0.4197 (0.4823)	Prec@1 85.938 (81.631)	Prec@5 100.000 (99.543)
Epoch: [9][60/118], lr: 0.00010	Time 1.702 (1.732)	Data 0.000 (0.045)	Loss 0.5860 (0.4830)	Prec@1 75.000 (81.839)	Prec@5 100.000 (99.488)
Epoch: [9][80/118], lr: 0.00010	Time 1.682 (1.723)	Data 0.000 (0.034)	Loss 0.4330 (0.4848)	Prec@1 79.688 (81.771)	Prec@5 98.438 (99.421)
Epoch: [9][100/118], lr: 0.00010	Time 1.670 (1.716)	Data 0.000 (0.027)	Loss 0.2941 (0.4912)	Prec@1 90.625 (81.544)	Prec@5 100.000 (99.412)
Test: [0/24]	Time 3.909 (3.909)	Loss 0.7110 (0.7110)	Prec@1 71.875 (71.875)	Prec@5 100.000 (100.000)
Test: [20/24]	Time 0.770 (0.931)	Loss 1.4463 (0.9807)	Prec@1 57.812 (72.247)	Prec@5 96.875 (99.405)
Testing Results: Prec@1 72.572 Prec@5 99.475 Loss 0.96637
Best Prec@1: 77.690

Epoch: [10][0/118], lr: 0.00010	Time 4.816 (4.816)	Data 3.045 (3.045)	Loss 0.3550 (0.3550)	Prec@1 84.375 (84.375)	Prec@5 100.000 (100.000)
Epoch: [10][20/118], lr: 0.00010	Time 1.659 (1.821)	Data 0.000 (0.145)	Loss 0.3451 (0.4524)	Prec@1 85.938 (82.961)	Prec@5 100.000 (99.628)
Epoch: [10][40/118], lr: 0.00010	Time 1.680 (1.757)	Data 0.000 (0.074)	Loss 0.7960 (0.4652)	Prec@1 75.000 (83.117)	Prec@5 95.312 (99.085)
Epoch: [10][60/118], lr: 0.00010	Time 1.697 (1.738)	Data 0.000 (0.050)	Loss 0.6087 (0.4488)	Prec@1 79.688 (83.683)	Prec@5 100.000 (99.257)
Epoch: [10][80/118], lr: 0.00010	Time 1.678 (1.729)	Data 0.000 (0.038)	Loss 0.6818 (0.4535)	Prec@1 76.562 (83.410)	Prec@5 98.438 (99.286)
Epoch: [10][100/118], lr: 0.00010	Time 1.673 (1.720)	Data 0.000 (0.030)	Loss 0.4399 (0.4516)	Prec@1 87.500 (83.400)	Prec@5 98.438 (99.366)
Test: [0/24]	Time 5.032 (5.032)	Loss 0.5311 (0.5311)	Prec@1 81.250 (81.250)	Prec@5 100.000 (100.000)
Test: [20/24]	Time 0.778 (0.981)	Loss 1.7130 (0.6940)	Prec@1 48.438 (78.943)	Prec@5 93.750 (98.810)
Testing Results: Prec@1 79.921 Prec@5 98.950 Loss 0.66332
Best Prec@1: 79.921

Epoch: [11][0/118], lr: 0.00010	Time 5.456 (5.456)	Data 3.765 (3.765)	Loss 0.5832 (0.5832)	Prec@1 76.562 (76.562)	Prec@5 96.875 (96.875)
Epoch: [11][20/118], lr: 0.00010	Time 1.789 (1.853)	Data 0.000 (0.179)	Loss 0.5436 (0.4898)	Prec@1 81.250 (82.738)	Prec@5 100.000 (99.182)
Epoch: [11][40/118], lr: 0.00010	Time 1.708 (1.775)	Data 0.000 (0.092)	Loss 0.4716 (0.4630)	Prec@1 84.375 (83.194)	Prec@5 98.438 (99.276)
Epoch: [11][60/118], lr: 0.00010	Time 1.673 (1.747)	Data 0.000 (0.062)	Loss 0.4079 (0.4614)	Prec@1 84.375 (83.197)	Prec@5 100.000 (99.283)
Epoch: [11][80/118], lr: 0.00010	Time 1.774 (1.735)	Data 0.000 (0.047)	Loss 0.4741 (0.4521)	Prec@1 82.812 (83.488)	Prec@5 98.438 (99.325)
Epoch: [11][100/118], lr: 0.00010	Time 1.675 (1.725)	Data 0.000 (0.037)	Loss 0.3771 (0.4469)	Prec@1 90.625 (83.834)	Prec@5 100.000 (99.335)
Test: [0/24]	Time 4.599 (4.599)	Loss 0.5103 (0.5103)	Prec@1 82.812 (82.812)	Prec@5 100.000 (100.000)
Test: [20/24]	Time 0.777 (0.956)	Loss 1.6361 (0.9706)	Prec@1 54.688 (75.372)	Prec@5 92.188 (98.512)
Testing Results: Prec@1 75.787 Prec@5 98.688 Loss 0.95157
Best Prec@1: 79.921

Epoch: [12][0/118], lr: 0.00010	Time 4.654 (4.654)	Data 2.942 (2.942)	Loss 0.2980 (0.2980)	Prec@1 89.062 (89.062)	Prec@5 100.000 (100.000)
Epoch: [12][20/118], lr: 0.00010	Time 1.681 (1.821)	Data 0.000 (0.140)	Loss 0.5336 (0.3473)	Prec@1 79.688 (86.607)	Prec@5 100.000 (99.702)
Epoch: [12][40/118], lr: 0.00010	Time 1.672 (1.755)	Data 0.000 (0.072)	Loss 0.3756 (0.3818)	Prec@1 89.062 (85.823)	Prec@5 100.000 (99.390)
Epoch: [12][60/118], lr: 0.00010	Time 1.753 (1.736)	Data 0.000 (0.048)	Loss 0.4682 (0.4136)	Prec@1 87.500 (84.657)	Prec@5 100.000 (99.411)
Epoch: [12][80/118], lr: 0.00010	Time 1.696 (1.726)	Data 0.000 (0.036)	Loss 0.3290 (0.4201)	Prec@1 87.500 (84.221)	Prec@5 100.000 (99.402)
Epoch: [12][100/118], lr: 0.00010	Time 1.670 (1.717)	Data 0.000 (0.029)	Loss 0.3862 (0.4156)	Prec@1 89.062 (84.746)	Prec@5 96.875 (99.412)
Test: [0/24]	Time 4.428 (4.428)	Loss 0.5518 (0.5518)	Prec@1 79.688 (79.688)	Prec@5 100.000 (100.000)
Test: [20/24]	Time 0.774 (0.946)	Loss 1.0523 (0.7324)	Prec@1 64.062 (78.423)	Prec@5 98.438 (99.702)
Testing Results: Prec@1 79.003 Prec@5 99.738 Loss 0.70462
Best Prec@1: 79.921

Epoch: [13][0/118], lr: 0.00010	Time 5.854 (5.854)	Data 4.140 (4.140)	Loss 0.2867 (0.2867)	Prec@1 90.625 (90.625)	Prec@5 98.438 (98.438)
Epoch: [13][20/118], lr: 0.00010	Time 1.678 (1.883)	Data 0.000 (0.197)	Loss 0.5070 (0.3889)	Prec@1 84.375 (85.640)	Prec@5 96.875 (99.182)
Epoch: [13][40/118], lr: 0.00010	Time 1.687 (1.822)	Data 0.000 (0.101)	Loss 0.3235 (0.3788)	Prec@1 84.375 (85.442)	Prec@5 100.000 (99.390)
Epoch: [13][60/118], lr: 0.00010	Time 1.691 (1.795)	Data 0.000 (0.068)	Loss 0.4901 (0.3974)	Prec@1 85.938 (85.015)	Prec@5 100.000 (99.360)
Epoch: [13][80/118], lr: 0.00010	Time 1.676 (1.773)	Data 0.000 (0.051)	Loss 0.2491 (0.4035)	Prec@1 92.188 (84.838)	Prec@5 100.000 (99.383)
Epoch: [13][100/118], lr: 0.00010	Time 1.674 (1.757)	Data 0.000 (0.041)	Loss 0.2884 (0.4025)	Prec@1 87.500 (84.746)	Prec@5 100.000 (99.459)
Test: [0/24]	Time 4.283 (4.283)	Loss 0.7622 (0.7622)	Prec@1 73.438 (73.438)	Prec@5 98.438 (98.438)
Test: [20/24]	Time 0.780 (0.942)	Loss 1.6060 (0.9303)	Prec@1 60.938 (75.670)	Prec@5 96.875 (99.182)
Testing Results: Prec@1 76.247 Prec@5 99.278 Loss 0.90599
Best Prec@1: 79.921

Epoch: [14][0/118], lr: 0.00010	Time 5.959 (5.959)	Data 4.265 (4.265)	Loss 0.2621 (0.2621)	Prec@1 89.062 (89.062)	Prec@5 100.000 (100.000)
Epoch: [14][20/118], lr: 0.00010	Time 1.659 (1.886)	Data 0.000 (0.203)	Loss 0.3600 (0.3283)	Prec@1 90.625 (87.723)	Prec@5 100.000 (99.405)
Epoch: [14][40/118], lr: 0.00010	Time 1.681 (1.790)	Data 0.000 (0.104)	Loss 0.4160 (0.3882)	Prec@1 82.812 (86.052)	Prec@5 100.000 (99.276)
Epoch: [14][60/118], lr: 0.00010	Time 1.743 (1.761)	Data 0.000 (0.070)	Loss 0.4593 (0.3873)	Prec@1 84.375 (85.938)	Prec@5 98.438 (99.283)
Epoch: [14][80/118], lr: 0.00010	Time 1.685 (1.744)	Data 0.000 (0.053)	Loss 0.3763 (0.3833)	Prec@1 85.938 (85.957)	Prec@5 100.000 (99.383)
Epoch: [14][100/118], lr: 0.00010	Time 1.676 (1.733)	Data 0.000 (0.042)	Loss 0.5602 (0.3859)	Prec@1 79.688 (86.015)	Prec@5 98.438 (99.428)
Test: [0/24]	Time 4.629 (4.629)	Loss 0.3980 (0.3980)	Prec@1 84.375 (84.375)	Prec@5 100.000 (100.000)
Test: [20/24]	Time 0.775 (0.958)	Loss 1.3359 (0.7155)	Prec@1 60.938 (78.051)	Prec@5 98.438 (99.702)
Testing Results: Prec@1 78.740 Prec@5 99.738 Loss 0.70443
Best Prec@1: 79.921

Epoch: [15][0/118], lr: 0.00010	Time 4.966 (4.966)	Data 3.274 (3.274)	Loss 0.3395 (0.3395)	Prec@1 89.062 (89.062)	Prec@5 100.000 (100.000)
Epoch: [15][20/118], lr: 0.00010	Time 1.658 (1.829)	Data 0.000 (0.156)	Loss 0.2989 (0.3919)	Prec@1 87.500 (85.789)	Prec@5 100.000 (99.777)
Epoch: [15][40/118], lr: 0.00010	Time 1.680 (1.762)	Data 0.000 (0.080)	Loss 0.2358 (0.3897)	Prec@1 95.312 (85.823)	Prec@5 100.000 (99.543)
Epoch: [15][60/118], lr: 0.00010	Time 1.676 (1.741)	Data 0.000 (0.054)	Loss 0.3949 (0.3739)	Prec@1 84.375 (86.168)	Prec@5 100.000 (99.513)
Epoch: [15][80/118], lr: 0.00010	Time 1.731 (1.731)	Data 0.000 (0.041)	Loss 0.4581 (0.3730)	Prec@1 81.250 (86.034)	Prec@5 100.000 (99.556)
Epoch: [15][100/118], lr: 0.00010	Time 1.672 (1.721)	Data 0.000 (0.033)	Loss 0.2483 (0.3682)	Prec@1 90.625 (86.077)	Prec@5 100.000 (99.567)
Test: [0/24]	Time 4.578 (4.578)	Loss 0.5096 (0.5096)	Prec@1 81.250 (81.250)	Prec@5 100.000 (100.000)
Test: [20/24]	Time 0.769 (0.952)	Loss 1.6024 (0.9748)	Prec@1 54.688 (75.074)	Prec@5 93.750 (98.512)
Testing Results: Prec@1 76.115 Prec@5 98.688 Loss 0.93389
Best Prec@1: 79.921

Epoch: [16][0/118], lr: 0.00010	Time 5.536 (5.536)	Data 3.824 (3.824)	Loss 0.2391 (0.2391)	Prec@1 87.500 (87.500)	Prec@5 100.000 (100.000)
Epoch: [16][20/118], lr: 0.00010	Time 1.695 (1.855)	Data 0.000 (0.182)	Loss 0.4889 (0.3244)	Prec@1 84.375 (88.021)	Prec@5 100.000 (99.628)
Epoch: [16][40/118], lr: 0.00010	Time 1.679 (1.768)	Data 0.000 (0.093)	Loss 0.3485 (0.3454)	Prec@1 85.938 (87.348)	Prec@5 100.000 (99.733)
Epoch: [16][60/118], lr: 0.00010	Time 1.680 (1.743)	Data 0.000 (0.063)	Loss 0.3588 (0.3419)	Prec@1 87.500 (87.526)	Prec@5 98.438 (99.693)
Epoch: [16][80/118], lr: 0.00010	Time 1.752 (1.731)	Data 0.000 (0.047)	Loss 0.3514 (0.3529)	Prec@1 85.938 (87.133)	Prec@5 98.438 (99.595)
Epoch: [16][100/118], lr: 0.00010	Time 1.672 (1.722)	Data 0.000 (0.038)	Loss 0.3348 (0.3504)	Prec@1 85.938 (87.020)	Prec@5 100.000 (99.567)
Test: [0/24]	Time 4.201 (4.201)	Loss 0.7246 (0.7246)	Prec@1 73.438 (73.438)	Prec@5 100.000 (100.000)
Test: [20/24]	Time 0.773 (0.934)	Loss 2.0780 (0.8352)	Prec@1 50.000 (76.562)	Prec@5 93.750 (98.810)
Testing Results: Prec@1 77.428 Prec@5 98.950 Loss 0.79966
Best Prec@1: 79.921

Epoch: [17][0/118], lr: 0.00010	Time 5.604 (5.604)	Data 3.886 (3.886)	Loss 0.4329 (0.4329)	Prec@1 84.375 (84.375)	Prec@5 98.438 (98.438)
Epoch: [17][20/118], lr: 0.00010	Time 1.669 (1.866)	Data 0.000 (0.185)	Loss 0.2769 (0.3392)	Prec@1 89.062 (86.756)	Prec@5 100.000 (99.107)
Epoch: [17][40/118], lr: 0.00010	Time 1.679 (1.779)	Data 0.000 (0.095)	Loss 0.3741 (0.3453)	Prec@1 81.250 (86.395)	Prec@5 100.000 (99.352)
Epoch: [17][60/118], lr: 0.00010	Time 1.672 (1.749)	Data 0.000 (0.064)	Loss 0.5814 (0.3437)	Prec@1 79.688 (86.527)	Prec@5 100.000 (99.436)
Epoch: [17][80/118], lr: 0.00010	Time 1.680 (1.736)	Data 0.000 (0.048)	Loss 0.3239 (0.3428)	Prec@1 89.062 (86.709)	Prec@5 98.438 (99.479)
Epoch: [17][100/118], lr: 0.00010	Time 1.668 (1.727)	Data 0.000 (0.039)	Loss 0.3737 (0.3393)	Prec@1 90.625 (87.036)	Prec@5 100.000 (99.474)
Test: [0/24]	Time 3.904 (3.904)	Loss 1.0466 (1.0466)	Prec@1 64.062 (64.062)	Prec@5 100.000 (100.000)
Test: [20/24]	Time 0.769 (0.932)	Loss 2.2748 (1.0506)	Prec@1 46.875 (70.982)	Prec@5 93.750 (98.810)
Testing Results: Prec@1 72.572 Prec@5 98.950 Loss 0.98967
Best Prec@1: 79.921

Epoch: [18][0/118], lr: 0.00010	Time 5.674 (5.674)	Data 3.930 (3.930)	Loss 0.4577 (0.4577)	Prec@1 85.938 (85.938)	Prec@5 98.438 (98.438)
Epoch: [18][20/118], lr: 0.00010	Time 1.677 (1.862)	Data 0.000 (0.187)	Loss 0.3508 (0.3163)	Prec@1 89.062 (89.211)	Prec@5 100.000 (99.554)
Epoch: [18][40/118], lr: 0.00010	Time 1.743 (1.778)	Data 0.000 (0.096)	Loss 0.3811 (0.3458)	Prec@1 85.938 (87.729)	Prec@5 98.438 (99.505)
Epoch: [18][60/118], lr: 0.00010	Time 1.702 (1.751)	Data 0.000 (0.065)	Loss 0.3099 (0.3457)	Prec@1 87.500 (87.628)	Prec@5 98.438 (99.411)
Epoch: [18][80/118], lr: 0.00010	Time 1.677 (1.737)	Data 0.000 (0.049)	Loss 0.4415 (0.3397)	Prec@1 85.938 (87.654)	Prec@5 96.875 (99.383)
Epoch: [18][100/118], lr: 0.00010	Time 1.679 (1.726)	Data 0.000 (0.039)	Loss 0.1646 (0.3267)	Prec@1 92.188 (88.134)	Prec@5 100.000 (99.474)
Test: [0/24]	Time 4.683 (4.683)	Loss 0.9630 (0.9630)	Prec@1 76.562 (76.562)	Prec@5 100.000 (100.000)
Test: [20/24]	Time 0.774 (0.966)	Loss 2.1745 (1.0265)	Prec@1 46.875 (76.265)	Prec@5 92.188 (98.512)
Testing Results: Prec@1 76.706 Prec@5 98.688 Loss 1.01735
Best Prec@1: 79.921

Epoch: [19][0/118], lr: 0.00010	Time 5.990 (5.990)	Data 4.180 (4.180)	Loss 0.3749 (0.3749)	Prec@1 85.938 (85.938)	Prec@5 100.000 (100.000)
Epoch: [19][20/118], lr: 0.00010	Time 1.664 (1.882)	Data 0.000 (0.199)	Loss 0.3439 (0.3013)	Prec@1 87.500 (89.881)	Prec@5 100.000 (99.926)
Epoch: [19][40/118], lr: 0.00010	Time 1.747 (1.787)	Data 0.000 (0.102)	Loss 0.3276 (0.3341)	Prec@1 84.375 (88.224)	Prec@5 100.000 (99.543)
Epoch: [19][60/118], lr: 0.00010	Time 1.683 (1.755)	Data 0.000 (0.069)	Loss 0.3012 (0.3411)	Prec@1 89.062 (87.987)	Prec@5 100.000 (99.411)
Epoch: [19][80/118], lr: 0.00010	Time 1.736 (1.741)	Data 0.001 (0.052)	Loss 0.2352 (0.3346)	Prec@1 90.625 (88.117)	Prec@5 100.000 (99.441)
Epoch: [19][100/118], lr: 0.00010	Time 1.673 (1.729)	Data 0.000 (0.042)	Loss 0.3420 (0.3347)	Prec@1 89.062 (88.181)	Prec@5 100.000 (99.474)
Test: [0/24]	Time 4.138 (4.138)	Loss 0.7270 (0.7270)	Prec@1 78.125 (78.125)	Prec@5 100.000 (100.000)
Test: [20/24]	Time 0.773 (0.930)	Loss 2.7781 (1.0045)	Prec@1 42.188 (75.818)	Prec@5 92.188 (98.512)
Testing Results: Prec@1 76.575 Prec@5 98.688 Loss 0.96414
Best Prec@1: 79.921

Epoch: [20][0/118], lr: 0.00001	Time 5.138 (5.138)	Data 3.453 (3.453)	Loss 0.2732 (0.2732)	Prec@1 90.625 (90.625)	Prec@5 100.000 (100.000)
Epoch: [20][20/118], lr: 0.00001	Time 1.688 (1.838)	Data 0.000 (0.165)	Loss 0.2545 (0.2804)	Prec@1 92.188 (89.732)	Prec@5 98.438 (99.405)
Epoch: [20][40/118], lr: 0.00001	Time 1.676 (1.762)	Data 0.000 (0.084)	Loss 0.2917 (0.2621)	Prec@1 90.625 (90.663)	Prec@5 100.000 (99.619)
Epoch: [20][60/118], lr: 0.00001	Time 1.763 (1.740)	Data 0.000 (0.057)	Loss 0.1757 (0.2597)	Prec@1 95.312 (90.907)	Prec@5 100.000 (99.590)
Epoch: [20][80/118], lr: 0.00001	Time 1.678 (1.730)	Data 0.000 (0.043)	Loss 0.1832 (0.2590)	Prec@1 93.750 (90.856)	Prec@5 100.000 (99.537)
Epoch: [20][100/118], lr: 0.00001	Time 1.673 (1.719)	Data 0.000 (0.034)	Loss 0.3208 (0.2638)	Prec@1 87.500 (90.656)	Prec@5 100.000 (99.505)
Test: [0/24]	Time 4.450 (4.450)	Loss 0.7230 (0.7230)	Prec@1 78.125 (78.125)	Prec@5 100.000 (100.000)
Test: [20/24]	Time 0.771 (0.996)	Loss 2.4679 (1.0965)	Prec@1 50.000 (75.893)	Prec@5 92.188 (98.512)
Testing Results: Prec@1 76.181 Prec@5 98.688 Loss 1.09759
Best Prec@1: 79.921

Epoch: [21][0/118], lr: 0.00001	Time 5.790 (5.790)	Data 4.067 (4.067)	Loss 0.4648 (0.4648)	Prec@1 82.812 (82.812)	Prec@5 98.438 (98.438)
Epoch: [21][20/118], lr: 0.00001	Time 1.657 (1.874)	Data 0.000 (0.194)	Loss 0.3062 (0.2774)	Prec@1 92.188 (89.955)	Prec@5 98.438 (99.107)
Epoch: [21][40/118], lr: 0.00001	Time 1.719 (1.781)	Data 0.000 (0.099)	Loss 0.2868 (0.2668)	Prec@1 87.500 (90.053)	Prec@5 100.000 (99.276)
Epoch: [21][60/118], lr: 0.00001	Time 1.681 (1.754)	Data 0.000 (0.067)	Loss 0.1893 (0.2667)	Prec@1 92.188 (90.420)	Prec@5 100.000 (99.283)
Epoch: [21][80/118], lr: 0.00001	Time 1.726 (1.741)	Data 0.000 (0.050)	Loss 0.2611 (0.2596)	Prec@1 90.625 (90.567)	Prec@5 100.000 (99.383)
Epoch: [21][100/118], lr: 0.00001	Time 1.676 (1.730)	Data 0.000 (0.040)	Loss 0.2399 (0.2610)	Prec@1 90.625 (90.424)	Prec@5 100.000 (99.428)
Test: [0/24]	Time 4.030 (4.030)	Loss 0.6446 (0.6446)	Prec@1 79.688 (79.688)	Prec@5 100.000 (100.000)
Test: [20/24]	Time 0.769 (0.933)	Loss 2.5289 (1.0382)	Prec@1 46.875 (76.042)	Prec@5 92.188 (98.512)
Testing Results: Prec@1 76.772 Prec@5 98.688 Loss 1.01450
Best Prec@1: 79.921

Epoch: [22][0/118], lr: 0.00001	Time 4.251 (4.251)	Data 2.499 (2.499)	Loss 0.1483 (0.1483)	Prec@1 93.750 (93.750)	Prec@5 100.000 (100.000)
Epoch: [22][20/118], lr: 0.00001	Time 1.698 (1.805)	Data 0.000 (0.119)	Loss 0.2219 (0.2805)	Prec@1 95.312 (89.583)	Prec@5 100.000 (99.777)
Epoch: [22][40/118], lr: 0.00001	Time 1.792 (1.754)	Data 0.000 (0.061)	Loss 0.1498 (0.2409)	Prec@1 95.312 (91.082)	Prec@5 100.000 (99.809)
Epoch: [22][60/118], lr: 0.00001	Time 1.671 (1.735)	Data 0.000 (0.041)	Loss 0.2062 (0.2367)	Prec@1 89.062 (91.265)	Prec@5 100.000 (99.718)
Epoch: [22][80/118], lr: 0.00001	Time 1.724 (1.723)	Data 0.000 (0.031)	Loss 0.3034 (0.2366)	Prec@1 87.500 (91.435)	Prec@5 98.438 (99.730)
Epoch: [22][100/118], lr: 0.00001	Time 1.670 (1.714)	Data 0.000 (0.025)	Loss 0.3545 (0.2425)	Prec@1 84.375 (91.074)	Prec@5 100.000 (99.644)
Test: [0/24]	Time 5.007 (5.007)	Loss 0.6989 (0.6989)	Prec@1 78.125 (78.125)	Prec@5 100.000 (100.000)
Test: [20/24]	Time 0.857 (1.054)	Loss 2.5080 (1.0314)	Prec@1 42.188 (74.926)	Prec@5 92.188 (98.512)
Testing Results: Prec@1 75.656 Prec@5 98.688 Loss 1.00617
Best Prec@1: 79.921

Epoch: [23][0/118], lr: 0.00001	Time 5.020 (5.020)	Data 3.328 (3.328)	Loss 0.2570 (0.2570)	Prec@1 84.375 (84.375)	Prec@5 100.000 (100.000)
Epoch: [23][20/118], lr: 0.00001	Time 1.662 (1.843)	Data 0.000 (0.159)	Loss 0.2757 (0.2315)	Prec@1 89.062 (91.146)	Prec@5 100.000 (99.554)
Epoch: [23][40/118], lr: 0.00001	Time 1.732 (1.771)	Data 0.000 (0.081)	Loss 0.3660 (0.2512)	Prec@1 87.500 (90.739)	Prec@5 98.438 (99.581)
Epoch: [23][60/118], lr: 0.00001	Time 1.675 (1.749)	Data 0.000 (0.055)	Loss 0.1273 (0.2471)	Prec@1 95.312 (90.676)	Prec@5 100.000 (99.641)
Epoch: [23][80/118], lr: 0.00001	Time 1.739 (1.738)	Data 0.000 (0.041)	Loss 0.1630 (0.2457)	Prec@1 93.750 (90.567)	Prec@5 100.000 (99.672)
Epoch: [23][100/118], lr: 0.00001	Time 1.672 (1.728)	Data 0.000 (0.033)	Loss 0.2173 (0.2502)	Prec@1 92.188 (90.424)	Prec@5 100.000 (99.706)
Test: [0/24]	Time 4.521 (4.521)	Loss 0.7346 (0.7346)	Prec@1 78.125 (78.125)	Prec@5 100.000 (100.000)
Test: [20/24]	Time 0.768 (0.948)	Loss 2.4733 (1.0918)	Prec@1 45.312 (74.926)	Prec@5 92.188 (98.512)
Testing Results: Prec@1 75.722 Prec@5 98.688 Loss 1.07170
Best Prec@1: 79.921

Epoch: [24][0/118], lr: 0.00001	Time 4.677 (4.677)	Data 2.925 (2.925)	Loss 0.1902 (0.1902)	Prec@1 92.188 (92.188)	Prec@5 100.000 (100.000)
Epoch: [24][20/118], lr: 0.00001	Time 1.693 (1.818)	Data 0.000 (0.139)	Loss 0.4308 (0.2312)	Prec@1 87.500 (91.295)	Prec@5 95.312 (99.554)
Epoch: [24][40/118], lr: 0.00001	Time 1.677 (1.754)	Data 0.000 (0.071)	Loss 0.2286 (0.2469)	Prec@1 89.062 (90.930)	Prec@5 100.000 (99.657)
Epoch: [24][60/118], lr: 0.00001	Time 1.719 (1.736)	Data 0.000 (0.048)	Loss 0.2989 (0.2389)	Prec@1 89.062 (91.189)	Prec@5 98.438 (99.693)
Epoch: [24][80/118], lr: 0.00001	Time 1.749 (1.729)	Data 0.000 (0.036)	Loss 0.1500 (0.2381)	Prec@1 95.312 (91.127)	Prec@5 100.000 (99.749)
Epoch: [24][100/118], lr: 0.00001	Time 1.668 (1.719)	Data 0.000 (0.029)	Loss 0.1991 (0.2433)	Prec@1 92.188 (90.950)	Prec@5 100.000 (99.691)
Test: [0/24]	Time 3.956 (3.956)	Loss 0.7044 (0.7044)	Prec@1 78.125 (78.125)	Prec@5 100.000 (100.000)
Test: [20/24]	Time 0.770 (0.931)	Loss 2.4967 (1.0814)	Prec@1 43.750 (75.000)	Prec@5 92.188 (98.512)
Testing Results: Prec@1 75.787 Prec@5 98.688 Loss 1.06799
Best Prec@1: 79.921

Epoch: [25][0/118], lr: 0.00001	Time 5.926 (5.926)	Data 4.195 (4.195)	Loss 0.3252 (0.3252)	Prec@1 84.375 (84.375)	Prec@5 100.000 (100.000)
Epoch: [25][20/118], lr: 0.00001	Time 1.700 (1.879)	Data 0.000 (0.200)	Loss 0.1661 (0.2400)	Prec@1 93.750 (91.518)	Prec@5 100.000 (99.702)
Epoch: [25][40/118], lr: 0.00001	Time 1.723 (1.787)	Data 0.000 (0.102)	Loss 0.3365 (0.2441)	Prec@1 89.062 (91.425)	Prec@5 100.000 (99.657)
Epoch: [25][60/118], lr: 0.00001	Time 1.734 (1.758)	Data 0.000 (0.069)	Loss 0.2903 (0.2481)	Prec@1 87.500 (91.291)	Prec@5 100.000 (99.539)
Epoch: [25][80/118], lr: 0.00001	Time 1.683 (1.743)	Data 0.000 (0.052)	Loss 0.1455 (0.2487)	Prec@1 95.312 (91.127)	Prec@5 100.000 (99.576)
Epoch: [25][100/118], lr: 0.00001	Time 1.673 (1.731)	Data 0.000 (0.042)	Loss 0.2017 (0.2475)	Prec@1 90.625 (91.275)	Prec@5 100.000 (99.598)
Test: [0/24]	Time 4.002 (4.002)	Loss 0.7412 (0.7412)	Prec@1 81.250 (81.250)	Prec@5 100.000 (100.000)
Test: [20/24]	Time 0.858 (1.026)	Loss 2.9327 (1.2067)	Prec@1 45.312 (75.298)	Prec@5 92.188 (98.512)
Testing Results: Prec@1 75.853 Prec@5 98.688 Loss 1.19085
Best Prec@1: 79.921

Epoch: [26][0/118], lr: 0.00001	Time 4.542 (4.542)	Data 2.845 (2.845)	Loss 0.1625 (0.1625)	Prec@1 93.750 (93.750)	Prec@5 98.438 (98.438)
Epoch: [26][20/118], lr: 0.00001	Time 1.704 (1.803)	Data 0.000 (0.136)	Loss 0.1798 (0.2187)	Prec@1 93.750 (91.667)	Prec@5 100.000 (99.702)
Epoch: [26][40/118], lr: 0.00001	Time 1.681 (1.747)	Data 0.000 (0.070)	Loss 0.2234 (0.2379)	Prec@1 89.062 (90.968)	Prec@5 100.000 (99.695)
Epoch: [26][60/118], lr: 0.00001	Time 1.720 (1.732)	Data 0.000 (0.047)	Loss 0.1949 (0.2311)	Prec@1 90.625 (91.522)	Prec@5 100.000 (99.565)
Epoch: [26][80/118], lr: 0.00001	Time 1.726 (1.723)	Data 0.000 (0.035)	Loss 0.2382 (0.2364)	Prec@1 89.062 (91.204)	Prec@5 100.000 (99.595)
Epoch: [26][100/118], lr: 0.00001	Time 1.669 (1.715)	Data 0.000 (0.028)	Loss 0.2292 (0.2324)	Prec@1 92.188 (91.368)	Prec@5 100.000 (99.644)
Test: [0/24]	Time 4.140 (4.140)	Loss 0.6631 (0.6631)	Prec@1 79.688 (79.688)	Prec@5 100.000 (100.000)
Test: [20/24]	Time 0.770 (0.936)	Loss 2.7678 (1.1437)	Prec@1 46.875 (75.744)	Prec@5 92.188 (98.512)
Testing Results: Prec@1 76.247 Prec@5 98.688 Loss 1.13121
Best Prec@1: 79.921

Epoch: [27][0/118], lr: 0.00001	Time 4.598 (4.598)	Data 2.882 (2.882)	Loss 0.0943 (0.0943)	Prec@1 96.875 (96.875)	Prec@5 100.000 (100.000)
