Epoch: [0][0/105], lr: 0.00100	Time 33.641 (33.641)	Data 11.144 (11.144)	Loss 2.4732 (2.4732)	Prec@1 9.722 (9.722)	Prec@5 55.556 (55.556)
Epoch: [0][20/105], lr: 0.00100	Time 1.896 (3.502)	Data 0.000 (0.531)	Loss 1.9271 (2.0604)	Prec@1 33.333 (30.093)	Prec@5 94.444 (78.770)
Epoch: [0][40/105], lr: 0.00100	Time 1.902 (2.754)	Data 0.000 (0.272)	Loss 1.1833 (1.8041)	Prec@1 54.167 (38.652)	Prec@5 95.833 (85.061)
Epoch: [0][60/105], lr: 0.00100	Time 2.044 (2.500)	Data 0.000 (0.183)	Loss 1.1180 (1.6170)	Prec@1 63.889 (44.103)	Prec@5 95.833 (88.684)
Epoch: [0][80/105], lr: 0.00100	Time 1.908 (2.363)	Data 0.000 (0.138)	Loss 1.0112 (1.4829)	Prec@1 61.111 (48.491)	Prec@5 95.833 (90.792)
Epoch: [0][100/105], lr: 0.00100	Time 1.910 (2.275)	Data 0.000 (0.110)	Loss 0.9563 (1.3840)	Prec@1 75.000 (52.049)	Prec@5 98.611 (92.162)
Test: [0/22]	Time 13.793 (13.793)	Loss 0.7864 (0.7864)	Prec@1 76.389 (76.389)	Prec@5 100.000 (100.000)
Test: [20/22]	Time 0.953 (1.587)	Loss 1.3140 (0.7122)	Prec@1 44.444 (76.124)	Prec@5 100.000 (99.405)
Testing Results: Prec@1 76.115 Prec@5 99.409 Loss 0.71185
Best Prec@1: 76.115

Epoch: [1][0/105], lr: 0.00100	Time 11.438 (11.438)	Data 9.402 (9.402)	Loss 0.8371 (0.8371)	Prec@1 68.056 (68.056)	Prec@5 100.000 (100.000)
Epoch: [1][20/105], lr: 0.00100	Time 1.888 (2.545)	Data 0.000 (0.592)	Loss 0.8945 (0.8281)	Prec@1 65.278 (71.098)	Prec@5 97.222 (98.148)
Epoch: [1][40/105], lr: 0.00100	Time 1.907 (2.251)	Data 0.000 (0.303)	Loss 0.9504 (0.8183)	Prec@1 65.278 (71.511)	Prec@5 95.833 (98.035)
Epoch: [1][60/105], lr: 0.00100	Time 1.905 (2.159)	Data 0.000 (0.204)	Loss 0.8789 (0.8345)	Prec@1 68.056 (70.423)	Prec@5 98.611 (98.065)
Epoch: [1][80/105], lr: 0.00100	Time 1.909 (2.109)	Data 0.000 (0.153)	Loss 1.0828 (0.8136)	Prec@1 65.278 (71.296)	Prec@5 94.444 (98.148)
Epoch: [1][100/105], lr: 0.00100	Time 1.908 (2.072)	Data 0.000 (0.123)	Loss 0.7743 (0.7979)	Prec@1 72.222 (71.947)	Prec@5 100.000 (98.336)
Test: [0/22]	Time 10.842 (10.842)	Loss 0.9524 (0.9524)	Prec@1 72.222 (72.222)	Prec@5 100.000 (100.000)
Test: [20/22]	Time 0.983 (1.507)	Loss 0.9882 (0.6218)	Prec@1 65.278 (80.489)	Prec@5 98.611 (99.206)
Testing Results: Prec@1 80.577 Prec@5 99.213 Loss 0.61903
Best Prec@1: 80.577

Epoch: [2][0/105], lr: 0.00100	Time 11.234 (11.234)	Data 9.341 (9.341)	Loss 0.7170 (0.7170)	Prec@1 72.222 (72.222)	Prec@5 98.611 (98.611)
Epoch: [2][20/105], lr: 0.00100	Time 2.070 (2.442)	Data 0.000 (0.487)	Loss 0.7559 (0.7074)	Prec@1 73.611 (75.265)	Prec@5 100.000 (98.611)
Epoch: [2][40/105], lr: 0.00100	Time 2.073 (2.204)	Data 0.000 (0.250)	Loss 0.6431 (0.6899)	Prec@1 73.611 (75.745)	Prec@5 100.000 (98.780)
Epoch: [2][60/105], lr: 0.00100	Time 1.909 (2.127)	Data 0.000 (0.168)	Loss 0.6922 (0.6681)	Prec@1 70.833 (76.161)	Prec@5 100.000 (98.839)
Epoch: [2][80/105], lr: 0.00100	Time 1.994 (2.087)	Data 0.000 (0.126)	Loss 0.7905 (0.6612)	Prec@1 69.444 (76.509)	Prec@5 98.611 (98.868)
Epoch: [2][100/105], lr: 0.00100	Time 1.942 (2.058)	Data 0.000 (0.101)	Loss 0.6772 (0.6537)	Prec@1 72.222 (77.104)	Prec@5 100.000 (98.927)
Test: [0/22]	Time 10.696 (10.696)	Loss 0.6077 (0.6077)	Prec@1 75.000 (75.000)	Prec@5 100.000 (100.000)
Test: [20/22]	Time 0.953 (1.498)	Loss 1.5740 (0.5638)	Prec@1 54.167 (81.481)	Prec@5 98.611 (99.802)
Testing Results: Prec@1 81.365 Prec@5 99.803 Loss 0.56461
Best Prec@1: 81.365

Epoch: [3][0/105], lr: 0.00100	Time 10.366 (10.366)	Data 8.453 (8.453)	Loss 0.3396 (0.3396)	Prec@1 83.333 (83.333)	Prec@5 100.000 (100.000)
Epoch: [3][20/105], lr: 0.00100	Time 2.067 (2.428)	Data 0.000 (0.467)	Loss 0.7861 (0.5887)	Prec@1 75.000 (80.093)	Prec@5 98.611 (99.074)
Epoch: [3][40/105], lr: 0.00100	Time 2.157 (2.200)	Data 0.000 (0.239)	Loss 0.4734 (0.5744)	Prec@1 86.111 (80.556)	Prec@5 100.000 (99.187)
Epoch: [3][60/105], lr: 0.00100	Time 1.908 (2.121)	Data 0.000 (0.161)	Loss 0.5756 (0.5559)	Prec@1 80.556 (80.965)	Prec@5 97.222 (99.089)
Epoch: [3][80/105], lr: 0.00100	Time 1.908 (2.079)	Data 0.000 (0.121)	Loss 0.6346 (0.5471)	Prec@1 81.944 (81.447)	Prec@5 100.000 (99.177)
Epoch: [3][100/105], lr: 0.00100	Time 1.907 (2.047)	Data 0.000 (0.097)	Loss 0.4224 (0.5488)	Prec@1 87.500 (81.463)	Prec@5 100.000 (99.189)
Test: [0/22]	Time 11.725 (11.725)	Loss 0.4460 (0.4460)	Prec@1 90.278 (90.278)	Prec@5 100.000 (100.000)
Test: [20/22]	Time 0.955 (1.538)	Loss 1.2782 (0.5959)	Prec@1 70.833 (84.524)	Prec@5 100.000 (99.405)
Testing Results: Prec@1 84.449 Prec@5 99.409 Loss 0.59417
Best Prec@1: 84.449

Epoch: [4][0/105], lr: 0.00100	Time 12.614 (12.614)	Data 10.652 (10.652)	Loss 0.3741 (0.3741)	Prec@1 86.111 (86.111)	Prec@5 100.000 (100.000)
Epoch: [4][20/105], lr: 0.00100	Time 1.886 (2.471)	Data 0.000 (0.507)	Loss 0.3926 (0.5022)	Prec@1 84.722 (82.407)	Prec@5 100.000 (99.140)
Epoch: [4][40/105], lr: 0.00100	Time 1.903 (2.227)	Data 0.000 (0.260)	Loss 0.3262 (0.4651)	Prec@1 86.111 (83.367)	Prec@5 100.000 (99.424)
Epoch: [4][60/105], lr: 0.00100	Time 1.908 (2.144)	Data 0.000 (0.175)	Loss 0.4501 (0.4690)	Prec@1 84.722 (83.607)	Prec@5 100.000 (99.454)
Epoch: [4][80/105], lr: 0.00100	Time 1.904 (2.099)	Data 0.000 (0.132)	Loss 0.4729 (0.4783)	Prec@1 83.333 (83.333)	Prec@5 98.611 (99.366)
Epoch: [4][100/105], lr: 0.00100	Time 1.903 (2.061)	Data 0.000 (0.106)	Loss 0.2928 (0.4771)	Prec@1 90.278 (83.540)	Prec@5 98.611 (99.381)
Test: [0/22]	Time 12.368 (12.368)	Loss 0.5326 (0.5326)	Prec@1 84.722 (84.722)	Prec@5 100.000 (100.000)
Test: [20/22]	Time 0.960 (1.544)	Loss 0.6719 (0.4282)	Prec@1 80.556 (87.169)	Prec@5 98.611 (99.140)
Testing Results: Prec@1 87.205 Prec@5 99.147 Loss 0.42609
Best Prec@1: 87.205

Epoch: [5][0/105], lr: 0.00100	Time 15.601 (15.601)	Data 13.703 (13.703)	Loss 0.3983 (0.3983)	Prec@1 86.111 (86.111)	Prec@5 100.000 (100.000)
Epoch: [5][20/105], lr: 0.00100	Time 2.029 (2.590)	Data 0.000 (0.653)	Loss 0.5175 (0.4022)	Prec@1 80.556 (86.310)	Prec@5 100.000 (99.471)
Epoch: [5][40/105], lr: 0.00100	Time 1.914 (2.275)	Data 0.000 (0.334)	Loss 0.1790 (0.4042)	Prec@1 91.667 (85.976)	Prec@5 100.000 (99.356)
Epoch: [5][60/105], lr: 0.00100	Time 2.051 (2.172)	Data 0.000 (0.225)	Loss 0.4116 (0.4049)	Prec@1 84.722 (86.088)	Prec@5 98.611 (99.408)
Epoch: [5][80/105], lr: 0.00100	Time 1.903 (2.114)	Data 0.000 (0.169)	Loss 0.2825 (0.4016)	Prec@1 91.667 (86.351)	Prec@5 100.000 (99.434)
Epoch: [5][100/105], lr: 0.00100	Time 1.979 (2.075)	Data 0.000 (0.136)	Loss 0.3646 (0.4053)	Prec@1 84.722 (86.276)	Prec@5 98.611 (99.409)
Test: [0/22]	Time 10.959 (10.959)	Loss 0.2953 (0.2953)	Prec@1 91.667 (91.667)	Prec@5 100.000 (100.000)
Test: [20/22]	Time 1.065 (1.585)	Loss 0.9032 (0.4794)	Prec@1 77.778 (86.574)	Prec@5 98.611 (99.471)
Testing Results: Prec@1 86.614 Prec@5 99.475 Loss 0.47805
Best Prec@1: 87.205

Epoch: [6][0/105], lr: 0.00100	Time 11.852 (11.852)	Data 9.901 (9.901)	Loss 0.3891 (0.3891)	Prec@1 87.500 (87.500)	Prec@5 100.000 (100.000)
Epoch: [6][20/105], lr: 0.00100	Time 1.889 (2.552)	Data 0.000 (0.606)	Loss 0.5074 (0.4072)	Prec@1 81.944 (86.177)	Prec@5 98.611 (99.405)
Epoch: [6][40/105], lr: 0.00100	Time 1.904 (2.262)	Data 0.000 (0.311)	Loss 0.3685 (0.3845)	Prec@1 86.111 (87.297)	Prec@5 100.000 (99.356)
Epoch: [6][60/105], lr: 0.00100	Time 1.906 (2.163)	Data 0.000 (0.209)	Loss 0.5081 (0.3955)	Prec@1 83.333 (86.771)	Prec@5 98.611 (99.362)
Epoch: [6][80/105], lr: 0.00100	Time 1.907 (2.112)	Data 0.000 (0.157)	Loss 0.3402 (0.3945)	Prec@1 90.278 (86.900)	Prec@5 100.000 (99.451)
Epoch: [6][100/105], lr: 0.00100	Time 1.929 (2.072)	Data 0.000 (0.126)	Loss 0.1740 (0.3879)	Prec@1 97.222 (87.019)	Prec@5 100.000 (99.477)
Test: [0/22]	Time 11.347 (11.347)	Loss 0.4302 (0.4302)	Prec@1 87.500 (87.500)	Prec@5 97.222 (97.222)
Test: [20/22]	Time 0.953 (1.492)	Loss 0.9694 (0.4264)	Prec@1 72.222 (87.434)	Prec@5 100.000 (99.537)
Testing Results: Prec@1 87.467 Prec@5 99.541 Loss 0.42412
Best Prec@1: 87.467

Epoch: [7][0/105], lr: 0.00100	Time 14.644 (14.644)	Data 12.749 (12.749)	Loss 0.2968 (0.2968)	Prec@1 90.278 (90.278)	Prec@5 100.000 (100.000)
Epoch: [7][20/105], lr: 0.00100	Time 1.889 (2.567)	Data 0.000 (0.607)	Loss 0.1738 (0.3258)	Prec@1 95.833 (89.749)	Prec@5 100.000 (99.669)
Epoch: [7][40/105], lr: 0.00100	Time 2.076 (2.267)	Data 0.000 (0.311)	Loss 0.2926 (0.3438)	Prec@1 91.667 (88.618)	Prec@5 100.000 (99.729)
Epoch: [7][60/105], lr: 0.00100	Time 1.917 (2.169)	Data 0.000 (0.209)	Loss 0.2334 (0.3448)	Prec@1 91.667 (88.593)	Prec@5 100.000 (99.681)
Epoch: [7][80/105], lr: 0.00100	Time 1.910 (2.116)	Data 0.000 (0.158)	Loss 0.5710 (0.3363)	Prec@1 81.944 (88.803)	Prec@5 100.000 (99.691)
Epoch: [7][100/105], lr: 0.00100	Time 1.903 (2.075)	Data 0.000 (0.126)	Loss 0.4065 (0.3369)	Prec@1 87.500 (88.586)	Prec@5 100.000 (99.684)
Test: [0/22]	Time 13.172 (13.172)	Loss 0.3813 (0.3813)	Prec@1 90.278 (90.278)	Prec@5 100.000 (100.000)
Test: [20/22]	Time 0.952 (1.562)	Loss 0.9127 (0.5234)	Prec@1 80.556 (86.839)	Prec@5 97.222 (99.735)
Testing Results: Prec@1 86.942 Prec@5 99.738 Loss 0.51980
Best Prec@1: 87.467

Epoch: [8][0/105], lr: 0.00100	Time 14.056 (14.056)	Data 12.156 (12.156)	Loss 0.1454 (0.1454)	Prec@1 93.056 (93.056)	Prec@5 100.000 (100.000)
Epoch: [8][20/105], lr: 0.00100	Time 1.888 (2.525)	Data 0.000 (0.579)	Loss 0.3490 (0.3204)	Prec@1 86.111 (89.484)	Prec@5 98.611 (99.603)
Epoch: [8][40/105], lr: 0.00100	Time 2.052 (2.247)	Data 0.000 (0.297)	Loss 0.3259 (0.3022)	Prec@1 90.278 (89.837)	Prec@5 98.611 (99.695)
Epoch: [8][60/105], lr: 0.00100	Time 1.905 (2.151)	Data 0.000 (0.199)	Loss 0.2078 (0.2990)	Prec@1 91.667 (90.005)	Prec@5 100.000 (99.704)
Epoch: [8][80/105], lr: 0.00100	Time 1.905 (2.101)	Data 0.000 (0.150)	Loss 0.3019 (0.2963)	Prec@1 87.500 (90.003)	Prec@5 100.000 (99.709)
Epoch: [8][100/105], lr: 0.00100	Time 1.906 (2.064)	Data 0.000 (0.120)	Loss 0.3053 (0.2959)	Prec@1 91.667 (90.182)	Prec@5 100.000 (99.656)
Test: [0/22]	Time 11.623 (11.623)	Loss 0.4808 (0.4808)	Prec@1 90.278 (90.278)	Prec@5 98.611 (98.611)
Test: [20/22]	Time 0.954 (1.514)	Loss 0.7179 (0.3702)	Prec@1 81.944 (90.079)	Prec@5 98.611 (99.405)
Testing Results: Prec@1 90.157 Prec@5 99.409 Loss 0.36798
Best Prec@1: 90.157

Epoch: [9][0/105], lr: 0.00100	Time 14.193 (14.193)	Data 12.222 (12.222)	Loss 0.1859 (0.1859)	Prec@1 93.056 (93.056)	Prec@5 100.000 (100.000)
Epoch: [9][20/105], lr: 0.00100	Time 1.888 (2.537)	Data 0.000 (0.582)	Loss 0.2654 (0.2684)	Prec@1 90.278 (91.402)	Prec@5 100.000 (99.934)
Epoch: [9][40/105], lr: 0.00100	Time 2.047 (2.263)	Data 0.000 (0.298)	Loss 0.3710 (0.2934)	Prec@1 87.500 (90.176)	Prec@5 100.000 (99.932)
Epoch: [9][60/105], lr: 0.00100	Time 1.905 (2.163)	Data 0.000 (0.200)	Loss 0.3853 (0.3017)	Prec@1 91.667 (90.050)	Prec@5 100.000 (99.863)
Epoch: [9][80/105], lr: 0.00100	Time 1.909 (2.112)	Data 0.000 (0.151)	Loss 0.2864 (0.2959)	Prec@1 88.889 (90.346)	Prec@5 100.000 (99.863)
Epoch: [9][100/105], lr: 0.00100	Time 1.905 (2.075)	Data 0.000 (0.121)	Loss 0.2941 (0.2929)	Prec@1 91.667 (90.319)	Prec@5 100.000 (99.849)
Test: [0/22]	Time 14.109 (14.109)	Loss 0.2908 (0.2908)	Prec@1 90.278 (90.278)	Prec@5 100.000 (100.000)
Test: [20/22]	Time 0.952 (1.597)	Loss 1.1231 (0.4415)	Prec@1 76.389 (89.220)	Prec@5 98.611 (99.537)
Testing Results: Prec@1 89.108 Prec@5 99.541 Loss 0.44213
Best Prec@1: 90.157

Epoch: [10][0/105], lr: 0.00100	Time 14.346 (14.346)	Data 12.443 (12.443)	Loss 0.2307 (0.2307)	Prec@1 94.444 (94.444)	Prec@5 98.611 (98.611)
Epoch: [10][20/105], lr: 0.00100	Time 1.893 (2.544)	Data 0.000 (0.593)	Loss 0.3924 (0.2500)	Prec@1 87.500 (91.667)	Prec@5 100.000 (99.868)
Epoch: [10][40/105], lr: 0.00100	Time 1.906 (2.261)	Data 0.000 (0.304)	Loss 0.1472 (0.2696)	Prec@1 94.444 (91.159)	Prec@5 100.000 (99.695)
Epoch: [10][60/105], lr: 0.00100	Time 1.905 (2.166)	Data 0.000 (0.204)	Loss 0.1249 (0.2620)	Prec@1 95.833 (91.280)	Prec@5 100.000 (99.727)
Epoch: [10][80/105], lr: 0.00100	Time 1.905 (2.115)	Data 0.000 (0.154)	Loss 0.1201 (0.2666)	Prec@1 95.833 (91.049)	Prec@5 100.000 (99.743)
Epoch: [10][100/105], lr: 0.00100	Time 1.906 (2.074)	Data 0.000 (0.123)	Loss 0.2216 (0.2609)	Prec@1 91.667 (91.144)	Prec@5 100.000 (99.752)
Test: [0/22]	Time 12.454 (12.454)	Loss 0.4423 (0.4423)	Prec@1 84.722 (84.722)	Prec@5 100.000 (100.000)
Test: [20/22]	Time 0.954 (1.533)	Loss 0.6137 (0.3502)	Prec@1 84.722 (90.675)	Prec@5 100.000 (99.868)
Testing Results: Prec@1 90.748 Prec@5 99.869 Loss 0.34745
Best Prec@1: 90.748

Epoch: [11][0/105], lr: 0.00100	Time 12.897 (12.897)	Data 10.997 (10.997)	Loss 0.2066 (0.2066)	Prec@1 94.444 (94.444)	Prec@5 100.000 (100.000)
Epoch: [11][20/105], lr: 0.00100	Time 2.037 (2.503)	Data 0.000 (0.537)	Loss 0.2710 (0.2711)	Prec@1 90.278 (91.468)	Prec@5 100.000 (99.405)
Epoch: [11][40/105], lr: 0.00100	Time 1.904 (2.233)	Data 0.000 (0.275)	Loss 0.2290 (0.2475)	Prec@1 93.056 (91.938)	Prec@5 100.000 (99.661)
Epoch: [11][60/105], lr: 0.00100	Time 2.030 (2.147)	Data 0.000 (0.185)	Loss 0.2570 (0.2480)	Prec@1 93.056 (91.917)	Prec@5 100.000 (99.727)
Epoch: [11][80/105], lr: 0.00100	Time 1.905 (2.098)	Data 0.000 (0.139)	Loss 0.2342 (0.2405)	Prec@1 95.833 (92.095)	Prec@5 98.611 (99.657)
Epoch: [11][100/105], lr: 0.00100	Time 1.907 (2.062)	Data 0.000 (0.112)	Loss 0.2393 (0.2453)	Prec@1 87.500 (91.818)	Prec@5 100.000 (99.656)
Test: [0/22]	Time 12.116 (12.116)	Loss 0.5160 (0.5160)	Prec@1 84.722 (84.722)	Prec@5 100.000 (100.000)
Test: [20/22]	Time 0.953 (1.535)	Loss 1.0590 (0.4798)	Prec@1 80.556 (88.294)	Prec@5 98.611 (99.603)
Testing Results: Prec@1 88.386 Prec@5 99.606 Loss 0.47616
Best Prec@1: 90.748

Epoch: [12][0/105], lr: 0.00100	Time 12.222 (12.222)	Data 10.220 (10.220)	Loss 0.2034 (0.2034)	Prec@1 91.667 (91.667)	Prec@5 100.000 (100.000)
Epoch: [12][20/105], lr: 0.00100	Time 2.029 (2.459)	Data 0.000 (0.487)	Loss 0.3161 (0.2247)	Prec@1 90.278 (92.394)	Prec@5 100.000 (99.802)
Epoch: [12][40/105], lr: 0.00100	Time 2.037 (2.215)	Data 0.000 (0.249)	Loss 0.2614 (0.2419)	Prec@1 90.278 (91.396)	Prec@5 100.000 (99.864)
Epoch: [12][60/105], lr: 0.00100	Time 1.904 (2.126)	Data 0.000 (0.168)	Loss 0.1372 (0.2308)	Prec@1 95.833 (91.917)	Prec@5 100.000 (99.772)
Epoch: [12][80/105], lr: 0.00100	Time 1.902 (2.085)	Data 0.000 (0.126)	Loss 0.1507 (0.2340)	Prec@1 93.056 (91.787)	Prec@5 100.000 (99.760)
Epoch: [12][100/105], lr: 0.00100	Time 1.904 (2.051)	Data 0.000 (0.101)	Loss 0.3113 (0.2274)	Prec@1 88.889 (92.189)	Prec@5 98.611 (99.766)
Test: [0/22]	Time 11.751 (11.751)	Loss 0.4130 (0.4130)	Prec@1 88.889 (88.889)	Prec@5 100.000 (100.000)
Test: [20/22]	Time 0.952 (1.515)	Loss 1.2813 (0.5599)	Prec@1 76.389 (89.352)	Prec@5 100.000 (99.934)
Testing Results: Prec@1 89.436 Prec@5 99.934 Loss 0.55586
Best Prec@1: 90.748

Epoch: [13][0/105], lr: 0.00100	Time 12.132 (12.132)	Data 10.110 (10.110)	Loss 0.1494 (0.1494)	Prec@1 95.833 (95.833)	Prec@5 100.000 (100.000)
Epoch: [13][20/105], lr: 0.00100	Time 2.046 (2.491)	Data 0.000 (0.492)	Loss 0.1911 (0.2174)	Prec@1 93.056 (91.865)	Prec@5 100.000 (99.802)
Epoch: [13][40/105], lr: 0.00100	Time 1.904 (2.226)	Data 0.000 (0.252)	Loss 0.1470 (0.2059)	Prec@1 97.222 (92.920)	Prec@5 100.000 (99.831)
Epoch: [13][60/105], lr: 0.00100	Time 1.910 (2.141)	Data 0.000 (0.170)	Loss 0.3166 (0.2051)	Prec@1 91.667 (93.056)	Prec@5 100.000 (99.818)
Epoch: [13][80/105], lr: 0.00100	Time 1.900 (2.094)	Data 0.000 (0.128)	Loss 0.1701 (0.1993)	Prec@1 97.222 (93.193)	Prec@5 100.000 (99.829)
Epoch: [13][100/105], lr: 0.00100	Time 1.910 (2.059)	Data 0.000 (0.102)	Loss 0.0750 (0.2032)	Prec@1 97.222 (93.069)	Prec@5 100.000 (99.835)
Test: [0/22]	Time 12.973 (12.973)	Loss 0.3072 (0.3072)	Prec@1 88.889 (88.889)	Prec@5 100.000 (100.000)
Test: [20/22]	Time 0.954 (1.565)	Loss 1.1735 (0.5938)	Prec@1 83.333 (88.889)	Prec@5 98.611 (99.735)
Testing Results: Prec@1 88.976 Prec@5 99.738 Loss 0.58955
Best Prec@1: 90.748

Epoch: [14][0/105], lr: 0.00100	Time 12.101 (12.101)	Data 10.199 (10.199)	Loss 0.1809 (0.1809)	Prec@1 94.444 (94.444)	Prec@5 100.000 (100.000)
Epoch: [14][20/105], lr: 0.00100	Time 1.890 (2.498)	Data 0.000 (0.546)	Loss 0.2411 (0.1925)	Prec@1 90.278 (93.651)	Prec@5 100.000 (99.669)
Epoch: [14][40/105], lr: 0.00100	Time 1.903 (2.236)	Data 0.000 (0.280)	Loss 0.2605 (0.2111)	Prec@1 91.667 (93.123)	Prec@5 100.000 (99.593)
Epoch: [14][60/105], lr: 0.00100	Time 1.906 (2.150)	Data 0.000 (0.188)	Loss 0.3553 (0.2050)	Prec@1 87.500 (93.283)	Prec@5 100.000 (99.658)
Epoch: [14][80/105], lr: 0.00100	Time 1.906 (2.103)	Data 0.000 (0.142)	Loss 0.1717 (0.1930)	Prec@1 97.222 (93.759)	Prec@5 100.000 (99.743)
Epoch: [14][100/105], lr: 0.00100	Time 1.905 (2.066)	Data 0.000 (0.114)	Loss 0.1106 (0.1848)	Prec@1 95.833 (94.059)	Prec@5 98.611 (99.766)
Test: [0/22]	Time 10.561 (10.561)	Loss 0.3745 (0.3745)	Prec@1 91.667 (91.667)	Prec@5 100.000 (100.000)
Test: [20/22]	Time 0.951 (1.481)	Loss 0.6624 (0.3526)	Prec@1 91.667 (92.196)	Prec@5 98.611 (99.802)
Testing Results: Prec@1 92.257 Prec@5 99.803 Loss 0.35049
Best Prec@1: 92.257

Epoch: [15][0/105], lr: 0.00100	Time 13.424 (13.424)	Data 11.449 (11.449)	Loss 0.2213 (0.2213)	Prec@1 93.056 (93.056)	Prec@5 100.000 (100.000)
Epoch: [15][20/105], lr: 0.00100	Time 1.933 (2.508)	Data 0.000 (0.545)	Loss 0.2659 (0.2172)	Prec@1 93.056 (92.725)	Prec@5 100.000 (99.735)
Epoch: [15][40/105], lr: 0.00100	Time 1.909 (2.236)	Data 0.000 (0.279)	Loss 0.0649 (0.1974)	Prec@1 98.611 (93.496)	Prec@5 100.000 (99.695)
Epoch: [15][60/105], lr: 0.00100	Time 1.907 (2.145)	Data 0.000 (0.188)	Loss 0.2301 (0.1855)	Prec@1 93.056 (93.807)	Prec@5 100.000 (99.727)
Epoch: [15][80/105], lr: 0.00100	Time 1.904 (2.098)	Data 0.000 (0.141)	Loss 0.3680 (0.1772)	Prec@1 88.889 (93.999)	Prec@5 100.000 (99.794)
Epoch: [15][100/105], lr: 0.00100	Time 1.903 (2.061)	Data 0.000 (0.113)	Loss 0.3969 (0.1805)	Prec@1 88.889 (93.936)	Prec@5 97.222 (99.794)
Test: [0/22]	Time 12.287 (12.287)	Loss 1.2749 (1.2749)	Prec@1 76.389 (76.389)	Prec@5 100.000 (100.000)
Test: [20/22]	Time 0.955 (1.544)	Loss 0.7283 (0.5963)	Prec@1 86.111 (88.955)	Prec@5 98.611 (99.537)
Testing Results: Prec@1 89.042 Prec@5 99.541 Loss 0.59163
Best Prec@1: 92.257

Epoch: [16][0/105], lr: 0.00100	Time 15.683 (15.683)	Data 13.646 (13.646)	Loss 0.2358 (0.2358)	Prec@1 91.667 (91.667)	Prec@5 100.000 (100.000)
Epoch: [16][20/105], lr: 0.00100	Time 1.897 (2.632)	Data 0.000 (0.650)	Loss 0.2117 (0.2013)	Prec@1 91.667 (93.585)	Prec@5 98.611 (99.735)
Epoch: [16][40/105], lr: 0.00100	Time 2.073 (2.310)	Data 0.000 (0.333)	Loss 0.1858 (0.2087)	Prec@1 95.833 (93.157)	Prec@5 100.000 (99.797)
Epoch: [16][60/105], lr: 0.00100	Time 2.032 (2.196)	Data 0.000 (0.224)	Loss 0.2634 (0.2012)	Prec@1 90.278 (93.169)	Prec@5 100.000 (99.772)
Epoch: [16][80/105], lr: 0.00100	Time 1.903 (2.134)	Data 0.000 (0.169)	Loss 0.1975 (0.1989)	Prec@1 91.667 (93.381)	Prec@5 100.000 (99.726)
Epoch: [16][100/105], lr: 0.00100	Time 1.911 (2.091)	Data 0.000 (0.135)	Loss 0.1429 (0.1874)	Prec@1 94.444 (93.716)	Prec@5 100.000 (99.780)
Test: [0/22]	Time 11.669 (11.669)	Loss 0.3967 (0.3967)	Prec@1 90.278 (90.278)	Prec@5 100.000 (100.000)
Test: [20/22]	Time 1.059 (1.596)	Loss 0.7490 (0.5142)	Prec@1 88.889 (89.881)	Prec@5 98.611 (99.735)
Testing Results: Prec@1 89.961 Prec@5 99.738 Loss 0.51026
Best Prec@1: 92.257

Epoch: [17][0/105], lr: 0.00100	Time 16.261 (16.261)	Data 14.372 (14.372)	Loss 0.1201 (0.1201)	Prec@1 94.444 (94.444)	Prec@5 100.000 (100.000)
Epoch: [17][20/105], lr: 0.00100	Time 1.890 (2.642)	Data 0.000 (0.684)	Loss 0.0874 (0.1320)	Prec@1 98.611 (95.370)	Prec@5 100.000 (99.868)
Epoch: [17][40/105], lr: 0.00100	Time 1.901 (2.316)	Data 0.000 (0.351)	Loss 0.3743 (0.1578)	Prec@1 87.500 (94.919)	Prec@5 100.000 (99.831)
Epoch: [17][60/105], lr: 0.00100	Time 2.109 (2.202)	Data 0.000 (0.236)	Loss 0.1525 (0.1670)	Prec@1 93.056 (94.740)	Prec@5 100.000 (99.795)
Epoch: [17][80/105], lr: 0.00100	Time 1.900 (2.140)	Data 0.000 (0.178)	Loss 0.0945 (0.1625)	Prec@1 95.833 (94.770)	Prec@5 100.000 (99.846)
Epoch: [17][100/105], lr: 0.00100	Time 1.900 (2.094)	Data 0.000 (0.142)	Loss 0.1165 (0.1617)	Prec@1 97.222 (94.816)	Prec@5 100.000 (99.849)
Test: [0/22]	Time 12.541 (12.541)	Loss 0.7163 (0.7163)	Prec@1 90.278 (90.278)	Prec@5 98.611 (98.611)
Test: [20/22]	Time 0.957 (1.556)	Loss 1.2663 (0.5618)	Prec@1 75.000 (89.616)	Prec@5 97.222 (99.206)
Testing Results: Prec@1 89.698 Prec@5 99.213 Loss 0.55736
Best Prec@1: 92.257

Epoch: [18][0/105], lr: 0.00100	Time 16.033 (16.033)	Data 14.094 (14.094)	Loss 0.1244 (0.1244)	Prec@1 94.444 (94.444)	Prec@5 100.000 (100.000)
Epoch: [18][20/105], lr: 0.00100	Time 1.890 (2.640)	Data 0.000 (0.671)	Loss 0.1402 (0.1429)	Prec@1 95.833 (95.040)	Prec@5 100.000 (99.934)
Epoch: [18][40/105], lr: 0.00100	Time 2.030 (2.316)	Data 0.000 (0.344)	Loss 0.1487 (0.1432)	Prec@1 91.667 (95.020)	Prec@5 98.611 (99.932)
Epoch: [18][60/105], lr: 0.00100	Time 2.047 (2.201)	Data 0.000 (0.231)	Loss 0.1979 (0.1592)	Prec@1 94.444 (94.604)	Prec@5 100.000 (99.886)
Epoch: [18][80/105], lr: 0.00100	Time 1.900 (2.135)	Data 0.000 (0.174)	Loss 0.3137 (0.1621)	Prec@1 88.889 (94.427)	Prec@5 100.000 (99.914)
Epoch: [18][100/105], lr: 0.00100	Time 1.907 (2.091)	Data 0.000 (0.140)	Loss 0.0889 (0.1618)	Prec@1 97.222 (94.403)	Prec@5 100.000 (99.917)
Test: [0/22]	Time 10.449 (10.449)	Loss 0.7143 (0.7143)	Prec@1 79.167 (79.167)	Prec@5 100.000 (100.000)
Test: [20/22]	Time 0.952 (1.492)	Loss 0.7978 (0.5093)	Prec@1 86.111 (87.897)	Prec@5 100.000 (99.868)
Testing Results: Prec@1 87.992 Prec@5 99.869 Loss 0.50529
Best Prec@1: 92.257

Epoch: [19][0/105], lr: 0.00100	Time 13.185 (13.185)	Data 11.222 (11.222)	Loss 0.0809 (0.0809)	Prec@1 97.222 (97.222)	Prec@5 100.000 (100.000)
Epoch: [19][20/105], lr: 0.00100	Time 1.970 (2.484)	Data 0.000 (0.535)	Loss 0.0440 (0.1657)	Prec@1 100.000 (94.577)	Prec@5 100.000 (99.934)
Epoch: [19][40/105], lr: 0.00100	Time 1.901 (2.213)	Data 0.000 (0.274)	Loss 0.1386 (0.1555)	Prec@1 94.444 (94.682)	Prec@5 100.000 (99.932)
Epoch: [19][60/105], lr: 0.00100	Time 1.900 (2.122)	Data 0.000 (0.184)	Loss 0.3715 (0.1638)	Prec@1 84.722 (94.399)	Prec@5 98.611 (99.932)
Epoch: [19][80/105], lr: 0.00100	Time 1.903 (2.079)	Data 0.000 (0.139)	Loss 0.2137 (0.1722)	Prec@1 95.833 (94.102)	Prec@5 100.000 (99.897)
Epoch: [19][100/105], lr: 0.00100	Time 1.974 (2.047)	Data 0.000 (0.111)	Loss 0.1347 (0.1700)	Prec@1 95.833 (94.197)	Prec@5 100.000 (99.876)
Test: [0/22]	Time 10.100 (10.100)	Loss 0.4752 (0.4752)	Prec@1 87.500 (87.500)	Prec@5 98.611 (98.611)
Test: [20/22]	Time 0.954 (1.481)	Loss 1.0762 (0.4231)	Prec@1 80.556 (90.410)	Prec@5 100.000 (99.206)
Testing Results: Prec@1 90.486 Prec@5 99.213 Loss 0.41984
Best Prec@1: 92.257

Epoch: [20][0/105], lr: 0.00010	Time 14.823 (14.823)	Data 12.937 (12.937)	Loss 0.1492 (0.1492)	Prec@1 97.222 (97.222)	Prec@5 100.000 (100.000)
Epoch: [20][20/105], lr: 0.00010	Time 1.893 (2.582)	Data 0.000 (0.616)	Loss 0.0268 (0.1223)	Prec@1 100.000 (95.833)	Prec@5 100.000 (100.000)
Epoch: [20][40/105], lr: 0.00010	Time 1.904 (2.275)	Data 0.000 (0.316)	Loss 0.1622 (0.1143)	Prec@1 95.833 (96.206)	Prec@5 100.000 (99.966)
Epoch: [20][60/105], lr: 0.00010	Time 1.941 (2.169)	Data 0.000 (0.212)	Loss 0.1337 (0.1085)	Prec@1 95.833 (96.266)	Prec@5 100.000 (99.977)
Epoch: [20][80/105], lr: 0.00010	Time 1.899 (2.117)	Data 0.000 (0.160)	Loss 0.0482 (0.1056)	Prec@1 100.000 (96.536)	Prec@5 100.000 (99.931)
Epoch: [20][100/105], lr: 0.00010	Time 1.904 (2.077)	Data 0.000 (0.128)	Loss 0.1018 (0.1028)	Prec@1 95.833 (96.631)	Prec@5 100.000 (99.931)
Test: [0/22]	Time 11.047 (11.047)	Loss 0.4556 (0.4556)	Prec@1 93.056 (93.056)	Prec@5 98.611 (98.611)
Test: [20/22]	Time 0.953 (1.511)	Loss 1.1254 (0.4237)	Prec@1 81.944 (91.799)	Prec@5 98.611 (99.272)
Testing Results: Prec@1 91.864 Prec@5 99.278 Loss 0.42044
Best Prec@1: 92.257

Epoch: [21][0/105], lr: 0.00010	Time 12.366 (12.366)	Data 10.354 (10.354)	Loss 0.0706 (0.0706)	Prec@1 97.222 (97.222)	Prec@5 100.000 (100.000)
Epoch: [21][20/105], lr: 0.00010	Time 1.889 (2.481)	Data 0.000 (0.528)	Loss 0.1102 (0.0802)	Prec@1 95.833 (97.288)	Prec@5 100.000 (100.000)
Epoch: [21][40/105], lr: 0.00010	Time 1.908 (2.212)	Data 0.000 (0.271)	Loss 0.1139 (0.0820)	Prec@1 94.444 (97.121)	Prec@5 100.000 (100.000)
Epoch: [21][60/105], lr: 0.00010	Time 1.905 (2.129)	Data 0.000 (0.182)	Loss 0.0245 (0.0922)	Prec@1 100.000 (96.790)	Prec@5 100.000 (99.977)
Epoch: [21][80/105], lr: 0.00010	Time 1.903 (2.083)	Data 0.000 (0.137)	Loss 0.0588 (0.0925)	Prec@1 98.611 (96.742)	Prec@5 100.000 (99.931)
Epoch: [21][100/105], lr: 0.00010	Time 1.905 (2.048)	Data 0.000 (0.110)	Loss 0.1109 (0.0937)	Prec@1 95.833 (96.796)	Prec@5 100.000 (99.931)
Test: [0/22]	Time 11.672 (11.672)	Loss 0.4569 (0.4569)	Prec@1 93.056 (93.056)	Prec@5 98.611 (98.611)
Test: [20/22]	Time 0.951 (1.519)	Loss 1.0124 (0.4145)	Prec@1 83.333 (92.130)	Prec@5 98.611 (99.272)
Testing Results: Prec@1 92.192 Prec@5 99.278 Loss 0.41160
Best Prec@1: 92.257

Epoch: [22][0/105], lr: 0.00010	Time 13.170 (13.170)	Data 11.151 (11.151)	Loss 0.0631 (0.0631)	Prec@1 97.222 (97.222)	Prec@5 100.000 (100.000)
Epoch: [22][20/105], lr: 0.00010	Time 1.894 (2.507)	Data 0.000 (0.531)	Loss 0.1310 (0.0917)	Prec@1 94.444 (96.627)	Prec@5 100.000 (100.000)
Epoch: [22][40/105], lr: 0.00010	Time 2.040 (2.234)	Data 0.000 (0.272)	Loss 0.1032 (0.0825)	Prec@1 97.222 (97.324)	Prec@5 100.000 (99.966)
Epoch: [22][60/105], lr: 0.00010	Time 1.908 (2.142)	Data 0.000 (0.183)	Loss 0.0719 (0.0822)	Prec@1 95.833 (97.222)	Prec@5 100.000 (99.954)
Epoch: [22][80/105], lr: 0.00010	Time 1.906 (2.095)	Data 0.000 (0.138)	Loss 0.0273 (0.0812)	Prec@1 100.000 (97.171)	Prec@5 100.000 (99.966)
Epoch: [22][100/105], lr: 0.00010	Time 1.900 (2.058)	Data 0.000 (0.111)	Loss 0.0320 (0.0804)	Prec@1 98.611 (97.167)	Prec@5 100.000 (99.972)
Test: [0/22]	Time 12.360 (12.360)	Loss 0.5002 (0.5002)	Prec@1 93.056 (93.056)	Prec@5 98.611 (98.611)
Test: [20/22]	Time 0.957 (1.574)	Loss 1.1334 (0.4434)	Prec@1 81.944 (92.063)	Prec@5 98.611 (99.272)
Testing Results: Prec@1 92.060 Prec@5 99.278 Loss 0.44081
Best Prec@1: 92.257

Epoch: [23][0/105], lr: 0.00010	Time 16.404 (16.404)	Data 14.325 (14.325)	Loss 0.0250 (0.0250)	Prec@1 98.611 (98.611)	Prec@5 100.000 (100.000)
Epoch: [23][20/105], lr: 0.00010	Time 2.003 (2.644)	Data 0.000 (0.682)	Loss 0.0462 (0.0856)	Prec@1 98.611 (97.090)	Prec@5 100.000 (99.934)
Epoch: [23][40/105], lr: 0.00010	Time 1.896 (2.304)	Data 0.000 (0.350)	Loss 0.0791 (0.0737)	Prec@1 97.222 (97.595)	Prec@5 100.000 (99.966)
Epoch: [23][60/105], lr: 0.00010	Time 1.903 (2.186)	Data 0.000 (0.235)	Loss 0.0264 (0.0738)	Prec@1 100.000 (97.495)	Prec@5 100.000 (99.977)
Epoch: [23][80/105], lr: 0.00010	Time 1.901 (2.120)	Data 0.000 (0.177)	Loss 0.0640 (0.0747)	Prec@1 97.222 (97.291)	Prec@5 100.000 (99.983)
Epoch: [23][100/105], lr: 0.00010	Time 1.985 (2.079)	Data 0.000 (0.142)	Loss 0.0946 (0.0798)	Prec@1 97.222 (97.153)	Prec@5 100.000 (99.986)
Test: [0/22]	Time 14.137 (14.137)	Loss 0.4898 (0.4898)	Prec@1 93.056 (93.056)	Prec@5 98.611 (98.611)
Test: [20/22]	Time 0.954 (1.602)	Loss 1.0817 (0.4279)	Prec@1 80.556 (91.865)	Prec@5 100.000 (99.471)
Testing Results: Prec@1 91.864 Prec@5 99.475 Loss 0.42526
Best Prec@1: 92.257

Epoch: [24][0/105], lr: 0.00010	Time 11.462 (11.462)	Data 9.429 (9.429)	Loss 0.1266 (0.1266)	Prec@1 95.833 (95.833)	Prec@5 98.611 (98.611)
Epoch: [24][20/105], lr: 0.00010	Time 1.897 (2.435)	Data 0.000 (0.467)	Loss 0.0621 (0.1013)	Prec@1 98.611 (97.288)	Prec@5 100.000 (99.868)
Epoch: [24][40/105], lr: 0.00010	Time 1.905 (2.200)	Data 0.000 (0.239)	Loss 0.1357 (0.1007)	Prec@1 94.444 (97.121)	Prec@5 98.611 (99.864)
Epoch: [24][60/105], lr: 0.00010	Time 1.923 (2.118)	Data 0.000 (0.161)	Loss 0.0940 (0.0946)	Prec@1 97.222 (97.131)	Prec@5 100.000 (99.909)
Epoch: [24][80/105], lr: 0.00010	Time 1.904 (2.079)	Data 0.000 (0.121)	Loss 0.1106 (0.0871)	Prec@1 95.833 (97.359)	Prec@5 100.000 (99.931)
Epoch: [24][100/105], lr: 0.00010	Time 1.903 (2.044)	Data 0.000 (0.097)	Loss 0.0482 (0.0842)	Prec@1 98.611 (97.387)	Prec@5 100.000 (99.945)
Test: [0/22]	Time 11.729 (11.729)	Loss 0.4256 (0.4256)	Prec@1 93.056 (93.056)	Prec@5 98.611 (98.611)
Test: [20/22]	Time 0.952 (1.531)	Loss 1.0177 (0.4252)	Prec@1 84.722 (91.667)	Prec@5 98.611 (99.339)
Testing Results: Prec@1 91.667 Prec@5 99.344 Loss 0.42293
Best Prec@1: 92.257

Epoch: [25][0/105], lr: 0.00010	Time 15.554 (15.554)	Data 13.541 (13.541)	Loss 0.0830 (0.0830)	Prec@1 97.222 (97.222)	Prec@5 100.000 (100.000)
Epoch: [25][20/105], lr: 0.00010	Time 2.017 (2.610)	Data 0.000 (0.645)	Loss 0.0600 (0.0669)	Prec@1 98.611 (97.685)	Prec@5 100.000 (100.000)
Epoch: [25][40/105], lr: 0.00010	Time 2.028 (2.290)	Data 0.000 (0.330)	Loss 0.0577 (0.0872)	Prec@1 97.222 (97.053)	Prec@5 100.000 (99.898)
Epoch: [25][60/105], lr: 0.00010	Time 2.023 (2.181)	Data 0.000 (0.222)	Loss 0.0348 (0.0778)	Prec@1 98.611 (97.382)	Prec@5 100.000 (99.932)
Epoch: [25][80/105], lr: 0.00010	Time 1.904 (2.124)	Data 0.000 (0.167)	Loss 0.1002 (0.0785)	Prec@1 97.222 (97.428)	Prec@5 100.000 (99.949)
Epoch: [25][100/105], lr: 0.00010	Time 1.903 (2.081)	Data 0.000 (0.134)	Loss 0.0388 (0.0776)	Prec@1 98.611 (97.539)	Prec@5 100.000 (99.959)
Test: [0/22]	Time 9.591 (9.591)	Loss 0.4635 (0.4635)	Prec@1 93.056 (93.056)	Prec@5 98.611 (98.611)
Test: [20/22]	Time 0.956 (1.543)	Loss 1.1770 (0.4508)	Prec@1 84.722 (92.196)	Prec@5 98.611 (99.272)
Testing Results: Prec@1 92.192 Prec@5 99.278 Loss 0.44787
Best Prec@1: 92.257

Epoch: [26][0/105], lr: 0.00010	Time 15.019 (15.019)	Data 13.128 (13.128)	Loss 0.0659 (0.0659)	Prec@1 97.222 (97.222)	Prec@5 100.000 (100.000)
Epoch: [26][20/105], lr: 0.00010	Time 2.032 (2.579)	Data 0.000 (0.625)	Loss 0.0996 (0.0686)	Prec@1 95.833 (97.619)	Prec@5 100.000 (100.000)
Epoch: [26][40/105], lr: 0.00010	Time 1.903 (2.267)	Data 0.000 (0.320)	Loss 0.2186 (0.0704)	Prec@1 93.056 (97.595)	Prec@5 98.611 (99.966)
Epoch: [26][60/105], lr: 0.00010	Time 2.020 (2.167)	Data 0.000 (0.215)	Loss 0.0802 (0.0720)	Prec@1 98.611 (97.541)	Prec@5 100.000 (99.954)
Epoch: [26][80/105], lr: 0.00010	Time 1.899 (2.113)	Data 0.000 (0.162)	Loss 0.0650 (0.0735)	Prec@1 98.611 (97.531)	Prec@5 100.000 (99.949)
Epoch: [26][100/105], lr: 0.00010	Time 1.908 (2.072)	Data 0.000 (0.130)	Loss 0.1051 (0.0712)	Prec@1 97.222 (97.580)	Prec@5 100.000 (99.945)
Test: [0/22]	Time 11.890 (11.890)	Loss 0.4955 (0.4955)	Prec@1 93.056 (93.056)	Prec@5 98.611 (98.611)
Test: [20/22]	Time 0.950 (1.522)	Loss 1.0851 (0.4442)	Prec@1 86.111 (91.733)	Prec@5 98.611 (99.339)
Testing Results: Prec@1 91.798 Prec@5 99.344 Loss 0.44084
Best Prec@1: 92.257

Epoch: [27][0/105], lr: 0.00010	Time 13.845 (13.845)	Data 11.951 (11.951)	Loss 0.0623 (0.0623)	Prec@1 97.222 (97.222)	Prec@5 100.000 (100.000)
Epoch: [27][20/105], lr: 0.00010	Time 2.018 (2.513)	Data 0.000 (0.569)	Loss 0.1277 (0.0524)	Prec@1 97.222 (97.950)	Prec@5 100.000 (100.000)
Epoch: [27][40/105], lr: 0.00010	Time 1.901 (2.243)	Data 0.000 (0.292)	Loss 0.0697 (0.0633)	Prec@1 95.833 (97.527)	Prec@5 100.000 (100.000)
Epoch: [27][60/105], lr: 0.00010	Time 1.907 (2.150)	Data 0.000 (0.196)	Loss 0.0311 (0.0636)	Prec@1 98.611 (97.700)	Prec@5 100.000 (99.977)
Epoch: [27][80/105], lr: 0.00010	Time 1.906 (2.101)	Data 0.000 (0.148)	Loss 0.1146 (0.0697)	Prec@1 97.222 (97.565)	Prec@5 100.000 (99.931)
Epoch: [27][100/105], lr: 0.00010	Time 1.906 (2.062)	Data 0.000 (0.118)	Loss 0.0726 (0.0703)	Prec@1 98.611 (97.566)	Prec@5 100.000 (99.945)
Test: [0/22]	Time 12.148 (12.148)	Loss 0.4822 (0.4822)	Prec@1 93.056 (93.056)	Prec@5 98.611 (98.611)
Test: [20/22]	Time 0.954 (1.525)	Loss 1.1010 (0.4724)	Prec@1 86.111 (92.262)	Prec@5 98.611 (99.272)
Testing Results: Prec@1 92.323 Prec@5 99.278 Loss 0.46900
Best Prec@1: 92.323

Epoch: [28][0/105], lr: 0.00010	Time 10.609 (10.609)	Data 8.689 (8.689)	Loss 0.0721 (0.0721)	Prec@1 97.222 (97.222)	Prec@5 100.000 (100.000)
Epoch: [28][20/105], lr: 0.00010	Time 1.889 (2.384)	Data 0.000 (0.433)	Loss 0.0782 (0.0614)	Prec@1 98.611 (97.950)	Prec@5 100.000 (100.000)
Epoch: [28][40/105], lr: 0.00010	Time 2.110 (2.185)	Data 0.000 (0.222)	Loss 0.0746 (0.0657)	Prec@1 98.611 (97.663)	Prec@5 100.000 (99.966)
Epoch: [28][60/105], lr: 0.00010	Time 2.047 (2.118)	Data 0.000 (0.149)	Loss 0.0384 (0.0714)	Prec@1 98.611 (97.495)	Prec@5 100.000 (99.909)
Epoch: [28][80/105], lr: 0.00010	Time 1.907 (2.077)	Data 0.000 (0.112)	Loss 0.0236 (0.0681)	Prec@1 98.611 (97.617)	Prec@5 100.000 (99.931)
Epoch: [28][100/105], lr: 0.00010	Time 1.911 (2.044)	Data 0.000 (0.090)	Loss 0.0470 (0.0674)	Prec@1 98.611 (97.635)	Prec@5 100.000 (99.931)
Test: [0/22]	Time 11.452 (11.452)	Loss 0.5475 (0.5475)	Prec@1 93.056 (93.056)	Prec@5 98.611 (98.611)
Test: [20/22]	Time 0.955 (1.517)	Loss 1.1745 (0.5030)	Prec@1 86.111 (92.460)	Prec@5 98.611 (99.339)
Testing Results: Prec@1 92.520 Prec@5 99.344 Loss 0.49911
Best Prec@1: 92.520

Epoch: [29][0/105], lr: 0.00010	Time 11.290 (11.290)	Data 9.254 (9.254)	Loss 0.0181 (0.0181)	Prec@1 98.611 (98.611)	Prec@5 100.000 (100.000)
Epoch: [29][20/105], lr: 0.00010	Time 2.048 (2.407)	Data 0.000 (0.457)	Loss 0.0198 (0.0519)	Prec@1 98.611 (98.347)	Prec@5 100.000 (99.868)
Epoch: [29][40/105], lr: 0.00010	Time 1.899 (2.179)	Data 0.000 (0.234)	Loss 0.0222 (0.0676)	Prec@1 100.000 (97.934)	Prec@5 100.000 (99.864)
Epoch: [29][60/105], lr: 0.00010	Time 2.035 (2.107)	Data 0.000 (0.157)	Loss 0.0209 (0.0691)	Prec@1 100.000 (97.860)	Prec@5 100.000 (99.909)
Epoch: [29][80/105], lr: 0.00010	Time 1.905 (2.065)	Data 0.000 (0.119)	Loss 0.0629 (0.0706)	Prec@1 97.222 (97.754)	Prec@5 100.000 (99.914)
Epoch: [29][100/105], lr: 0.00010	Time 1.905 (2.034)	Data 0.000 (0.095)	Loss 0.1308 (0.0702)	Prec@1 95.833 (97.800)	Prec@5 100.000 (99.931)
Test: [0/22]	Time 12.100 (12.100)	Loss 0.5552 (0.5552)	Prec@1 93.056 (93.056)	Prec@5 98.611 (98.611)
Test: [20/22]	Time 0.957 (1.526)	Loss 1.0084 (0.4432)	Prec@1 86.111 (91.733)	Prec@5 100.000 (99.471)
Testing Results: Prec@1 91.798 Prec@5 99.475 Loss 0.44003
Best Prec@1: 92.520

Epoch: [30][0/105], lr: 0.00010	Time 14.341 (14.341)	Data 12.448 (12.448)	Loss 0.2093 (0.2093)	Prec@1 94.444 (94.444)	Prec@5 100.000 (100.000)
Epoch: [30][20/105], lr: 0.00010	Time 2.095 (2.552)	Data 0.000 (0.593)	Loss 0.0532 (0.0717)	Prec@1 98.611 (97.090)	Prec@5 100.000 (100.000)
Epoch: [30][40/105], lr: 0.00010	Time 1.911 (2.261)	Data 0.000 (0.304)	Loss 0.1015 (0.0670)	Prec@1 97.222 (97.527)	Prec@5 100.000 (100.000)
Epoch: [30][60/105], lr: 0.00010	Time 1.911 (2.160)	Data 0.000 (0.204)	Loss 0.0565 (0.0642)	Prec@1 97.222 (97.700)	Prec@5 100.000 (100.000)
Epoch: [30][80/105], lr: 0.00010	Time 1.907 (2.110)	Data 0.000 (0.154)	Loss 0.0310 (0.0681)	Prec@1 98.611 (97.599)	Prec@5 100.000 (99.966)
Epoch: [30][100/105], lr: 0.00010	Time 1.952 (2.071)	Data 0.000 (0.123)	Loss 0.0881 (0.0684)	Prec@1 98.611 (97.649)	Prec@5 100.000 (99.959)
Test: [0/22]	Time 12.916 (12.916)	Loss 0.5384 (0.5384)	Prec@1 93.056 (93.056)	Prec@5 98.611 (98.611)
Test: [20/22]	Time 0.951 (1.550)	Loss 1.0455 (0.4893)	Prec@1 87.500 (91.931)	Prec@5 98.611 (99.272)
Testing Results: Prec@1 91.995 Prec@5 99.278 Loss 0.48561
Best Prec@1: 92.520

Epoch: [31][0/105], lr: 0.00010	Time 14.396 (14.396)	Data 12.422 (12.422)	Loss 0.0368 (0.0368)	Prec@1 100.000 (100.000)	Prec@5 100.000 (100.000)
Epoch: [31][20/105], lr: 0.00010	Time 2.121 (2.558)	Data 0.000 (0.592)	Loss 0.0612 (0.0785)	Prec@1 97.222 (97.090)	Prec@5 100.000 (100.000)
Epoch: [31][40/105], lr: 0.00010	Time 1.906 (2.268)	Data 0.000 (0.303)	Loss 0.0498 (0.0750)	Prec@1 98.611 (97.358)	Prec@5 100.000 (100.000)
Epoch: [31][60/105], lr: 0.00010	Time 1.906 (2.169)	Data 0.000 (0.204)	Loss 0.0427 (0.0768)	Prec@1 98.611 (97.313)	Prec@5 100.000 (99.977)
Epoch: [31][80/105], lr: 0.00010	Time 1.909 (2.114)	Data 0.000 (0.154)	Loss 0.0074 (0.0792)	Prec@1 100.000 (97.257)	Prec@5 100.000 (99.983)
Epoch: [31][100/105], lr: 0.00010	Time 1.920 (2.075)	Data 0.000 (0.123)	Loss 0.0550 (0.0742)	Prec@1 97.222 (97.373)	Prec@5 100.000 (99.986)
Test: [0/22]	Time 13.420 (13.420)	Loss 0.5212 (0.5212)	Prec@1 91.667 (91.667)	Prec@5 98.611 (98.611)
Test: [20/22]	Time 0.949 (1.566)	Loss 1.0802 (0.4992)	Prec@1 87.500 (91.667)	Prec@5 98.611 (99.339)
Testing Results: Prec@1 91.732 Prec@5 99.344 Loss 0.49529
Best Prec@1: 92.520

Epoch: [32][0/105], lr: 0.00010	Time 14.876 (14.876)	Data 12.982 (12.982)	Loss 0.1292 (0.1292)	Prec@1 94.444 (94.444)	Prec@5 100.000 (100.000)
Epoch: [32][20/105], lr: 0.00010	Time 1.890 (2.569)	Data 0.000 (0.618)	Loss 0.0747 (0.0692)	Prec@1 98.611 (97.751)	Prec@5 100.000 (100.000)
Epoch: [32][40/105], lr: 0.00010	Time 2.037 (2.269)	Data 0.000 (0.317)	Loss 0.0298 (0.0693)	Prec@1 98.611 (97.629)	Prec@5 100.000 (100.000)
Epoch: [32][60/105], lr: 0.00010	Time 2.073 (2.165)	Data 0.000 (0.213)	Loss 0.0410 (0.0613)	Prec@1 98.611 (97.905)	Prec@5 100.000 (100.000)
Epoch: [32][80/105], lr: 0.00010	Time 1.909 (2.113)	Data 0.000 (0.160)	Loss 0.0710 (0.0641)	Prec@1 98.611 (97.788)	Prec@5 100.000 (100.000)
Epoch: [32][100/105], lr: 0.00010	Time 1.935 (2.073)	Data 0.000 (0.129)	Loss 0.2190 (0.0678)	Prec@1 94.444 (97.690)	Prec@5 100.000 (99.972)
Test: [0/22]	Time 11.241 (11.241)	Loss 0.5671 (0.5671)	Prec@1 93.056 (93.056)	Prec@5 98.611 (98.611)
Test: [20/22]	Time 0.948 (1.508)	Loss 1.2093 (0.5201)	Prec@1 86.111 (92.725)	Prec@5 98.611 (99.339)
Testing Results: Prec@1 92.782 Prec@5 99.344 Loss 0.51621
Best Prec@1: 92.782

Epoch: [33][0/105], lr: 0.00010	Time 13.187 (13.187)	Data 11.231 (11.231)	Loss 0.0773 (0.0773)	Prec@1 97.222 (97.222)	Prec@5 98.611 (98.611)
Epoch: [33][20/105], lr: 0.00010	Time 1.892 (2.509)	Data 0.000 (0.535)	Loss 0.0594 (0.0627)	Prec@1 97.222 (97.817)	Prec@5 100.000 (99.868)
Epoch: [33][40/105], lr: 0.00010	Time 1.905 (2.238)	Data 0.000 (0.274)	Loss 0.1462 (0.0605)	Prec@1 94.444 (98.001)	Prec@5 100.000 (99.831)
Epoch: [33][60/105], lr: 0.00010	Time 1.906 (2.146)	Data 0.000 (0.184)	Loss 0.0404 (0.0597)	Prec@1 98.611 (98.133)	Prec@5 100.000 (99.886)
Epoch: [33][80/105], lr: 0.00010	Time 1.906 (2.096)	Data 0.000 (0.139)	Loss 0.0051 (0.0617)	Prec@1 100.000 (98.028)	Prec@5 100.000 (99.897)
Epoch: [33][100/105], lr: 0.00010	Time 1.912 (2.059)	Data 0.000 (0.111)	Loss 0.0889 (0.0655)	Prec@1 97.222 (97.896)	Prec@5 100.000 (99.904)
Test: [0/22]	Time 12.409 (12.409)	Loss 0.5815 (0.5815)	Prec@1 93.056 (93.056)	Prec@5 98.611 (98.611)
Test: [20/22]	Time 0.949 (1.534)	Loss 1.1352 (0.5027)	Prec@1 87.500 (92.460)	Prec@5 98.611 (99.339)
Testing Results: Prec@1 92.520 Prec@5 99.344 Loss 0.49918
Best Prec@1: 92.782

Epoch: [34][0/105], lr: 0.00010	Time 13.465 (13.465)	Data 11.568 (11.568)	Loss 0.0090 (0.0090)	Prec@1 100.000 (100.000)	Prec@5 100.000 (100.000)
Epoch: [34][20/105], lr: 0.00010	Time 1.894 (2.500)	Data 0.000 (0.551)	Loss 0.1012 (0.0652)	Prec@1 95.833 (97.751)	Prec@5 100.000 (99.802)
Epoch: [34][40/105], lr: 0.00010	Time 1.917 (2.236)	Data 0.000 (0.282)	Loss 0.0577 (0.0586)	Prec@1 98.611 (97.934)	Prec@5 100.000 (99.898)
Epoch: [34][60/105], lr: 0.00010	Time 1.910 (2.145)	Data 0.000 (0.190)	Loss 0.0454 (0.0663)	Prec@1 98.611 (97.769)	Prec@5 100.000 (99.909)
Epoch: [34][80/105], lr: 0.00010	Time 1.910 (2.096)	Data 0.000 (0.143)	Loss 0.0685 (0.0663)	Prec@1 95.833 (97.737)	Prec@5 100.000 (99.931)
Epoch: [34][100/105], lr: 0.00010	Time 1.910 (2.060)	Data 0.000 (0.115)	Loss 0.0821 (0.0674)	Prec@1 95.833 (97.690)	Prec@5 100.000 (99.931)
Test: [0/22]	Time 11.602 (11.602)	Loss 0.5831 (0.5831)	Prec@1 93.056 (93.056)	Prec@5 98.611 (98.611)
Test: [20/22]	Time 0.953 (1.538)	Loss 1.0227 (0.4729)	Prec@1 87.500 (93.056)	Prec@5 98.611 (99.339)
Testing Results: Prec@1 93.110 Prec@5 99.344 Loss 0.46963
Best Prec@1: 93.110

Epoch: [35][0/105], lr: 0.00010	Time 11.776 (11.776)	Data 9.870 (9.870)	Loss 0.0206 (0.0206)	Prec@1 100.000 (100.000)	Prec@5 100.000 (100.000)
Epoch: [35][20/105], lr: 0.00010	Time 2.016 (2.435)	Data 0.000 (0.499)	Loss 0.0753 (0.0559)	Prec@1 95.833 (98.016)	Prec@5 100.000 (100.000)
Epoch: [35][40/105], lr: 0.00010	Time 1.900 (2.199)	Data 0.000 (0.256)	Loss 0.0151 (0.0540)	Prec@1 100.000 (98.205)	Prec@5 100.000 (100.000)
Epoch: [35][60/105], lr: 0.00010	Time 2.049 (2.124)	Data 0.000 (0.172)	Loss 0.1971 (0.0646)	Prec@1 94.444 (97.769)	Prec@5 100.000 (99.954)
Epoch: [35][80/105], lr: 0.00010	Time 1.975 (2.085)	Data 0.000 (0.130)	Loss 0.1493 (0.0671)	Prec@1 97.222 (97.754)	Prec@5 98.611 (99.949)
Epoch: [35][100/105], lr: 0.00010	Time 1.906 (2.050)	Data 0.000 (0.104)	Loss 0.0067 (0.0680)	Prec@1 100.000 (97.745)	Prec@5 100.000 (99.945)
Test: [0/22]	Time 12.813 (12.813)	Loss 0.5634 (0.5634)	Prec@1 93.056 (93.056)	Prec@5 98.611 (98.611)
Test: [20/22]	Time 0.953 (1.555)	Loss 1.2836 (0.4932)	Prec@1 83.333 (92.130)	Prec@5 98.611 (99.339)
Testing Results: Prec@1 92.126 Prec@5 99.344 Loss 0.49009
Best Prec@1: 93.110

Epoch: [36][0/105], lr: 0.00010	Time 14.435 (14.435)	Data 12.465 (12.465)	Loss 0.1429 (0.1429)	Prec@1 97.222 (97.222)	Prec@5 100.000 (100.000)
Epoch: [36][20/105], lr: 0.00010	Time 2.046 (2.552)	Data 0.000 (0.594)	Loss 0.0117 (0.0683)	Prec@1 100.000 (98.016)	Prec@5 100.000 (100.000)
Epoch: [36][40/105], lr: 0.00010	Time 1.908 (2.260)	Data 0.000 (0.304)	Loss 0.0469 (0.0720)	Prec@1 98.611 (97.832)	Prec@5 100.000 (99.966)
Epoch: [36][60/105], lr: 0.00010	Time 2.053 (2.163)	Data 0.000 (0.204)	Loss 0.0605 (0.0666)	Prec@1 97.222 (97.791)	Prec@5 100.000 (99.977)
Epoch: [36][80/105], lr: 0.00010	Time 1.910 (2.114)	Data 0.000 (0.154)	Loss 0.0097 (0.0681)	Prec@1 100.000 (97.685)	Prec@5 100.000 (99.966)
Epoch: [36][100/105], lr: 0.00010	Time 1.920 (2.075)	Data 0.000 (0.124)	Loss 0.0463 (0.0678)	Prec@1 97.222 (97.676)	Prec@5 100.000 (99.959)
Test: [0/22]	Time 13.466 (13.466)	Loss 0.5564 (0.5564)	Prec@1 93.056 (93.056)	Prec@5 98.611 (98.611)
Test: [20/22]	Time 0.953 (1.572)	Loss 1.1202 (0.4728)	Prec@1 84.722 (92.196)	Prec@5 98.611 (99.339)
Testing Results: Prec@1 92.192 Prec@5 99.344 Loss 0.46979
Best Prec@1: 93.110

Epoch: [37][0/105], lr: 0.00010	Time 12.417 (12.417)	Data 10.398 (10.398)	Loss 0.1501 (0.1501)	Prec@1 95.833 (95.833)	Prec@5 100.000 (100.000)
Epoch: [37][20/105], lr: 0.00010	Time 1.888 (2.494)	Data 0.000 (0.531)	Loss 0.0445 (0.0710)	Prec@1 98.611 (97.685)	Prec@5 100.000 (100.000)
Epoch: [37][40/105], lr: 0.00010	Time 2.030 (2.230)	Data 0.000 (0.272)	Loss 0.1148 (0.0676)	Prec@1 95.833 (97.798)	Prec@5 100.000 (100.000)
Epoch: [37][60/105], lr: 0.00010	Time 2.052 (2.136)	Data 0.000 (0.183)	Loss 0.1496 (0.0710)	Prec@1 97.222 (97.632)	Prec@5 100.000 (99.977)
Epoch: [37][80/105], lr: 0.00010	Time 1.960 (2.088)	Data 0.000 (0.138)	Loss 0.1307 (0.0710)	Prec@1 94.444 (97.514)	Prec@5 100.000 (99.983)
Epoch: [37][100/105], lr: 0.00010	Time 1.906 (2.053)	Data 0.000 (0.111)	Loss 0.0194 (0.0674)	Prec@1 100.000 (97.635)	Prec@5 100.000 (99.986)
Test: [0/22]	Time 12.731 (12.731)	Loss 0.6331 (0.6331)	Prec@1 93.056 (93.056)	Prec@5 98.611 (98.611)
Test: [20/22]	Time 0.953 (1.562)	Loss 1.2424 (0.5110)	Prec@1 84.722 (92.394)	Prec@5 98.611 (99.339)
Testing Results: Prec@1 92.454 Prec@5 99.344 Loss 0.50727
Best Prec@1: 93.110

Epoch: [38][0/105], lr: 0.00010	Time 11.474 (11.474)	Data 9.572 (9.572)	Loss 0.0336 (0.0336)	Prec@1 98.611 (98.611)	Prec@5 100.000 (100.000)
Epoch: [38][20/105], lr: 0.00010	Time 1.893 (2.490)	Data 0.000 (0.552)	Loss 0.0351 (0.0524)	Prec@1 100.000 (98.347)	Prec@5 100.000 (100.000)
Epoch: [38][40/105], lr: 0.00010	Time 1.935 (2.223)	Data 0.000 (0.283)	Loss 0.0128 (0.0603)	Prec@1 100.000 (98.171)	Prec@5 100.000 (100.000)
Epoch: [38][60/105], lr: 0.00010	Time 1.909 (2.140)	Data 0.000 (0.190)	Loss 0.0309 (0.0606)	Prec@1 100.000 (98.133)	Prec@5 100.000 (100.000)
Epoch: [38][80/105], lr: 0.00010	Time 1.906 (2.090)	Data 0.000 (0.143)	Loss 0.0592 (0.0611)	Prec@1 98.611 (98.011)	Prec@5 100.000 (100.000)
Epoch: [38][100/105], lr: 0.00010	Time 1.908 (2.056)	Data 0.000 (0.115)	Loss 0.0562 (0.0616)	Prec@1 98.611 (97.992)	Prec@5 100.000 (99.986)
Test: [0/22]	Time 12.210 (12.210)	Loss 0.5441 (0.5441)	Prec@1 93.056 (93.056)	Prec@5 98.611 (98.611)
Test: [20/22]	Time 1.070 (1.639)	Loss 1.0627 (0.4609)	Prec@1 88.889 (92.857)	Prec@5 98.611 (99.339)
Testing Results: Prec@1 92.848 Prec@5 99.344 Loss 0.45785
Best Prec@1: 93.110

Epoch: [39][0/105], lr: 0.00010	Time 11.806 (11.806)	Data 9.744 (9.744)	Loss 0.0993 (0.0993)	Prec@1 97.222 (97.222)	Prec@5 100.000 (100.000)
Epoch: [39][20/105], lr: 0.00010	Time 1.890 (2.450)	Data 0.000 (0.484)	Loss 0.0555 (0.0639)	Prec@1 98.611 (98.082)	Prec@5 100.000 (99.934)
Epoch: [39][40/105], lr: 0.00010	Time 1.908 (2.209)	Data 0.000 (0.248)	Loss 0.0585 (0.0581)	Prec@1 98.611 (98.171)	Prec@5 100.000 (99.966)
Epoch: [39][60/105], lr: 0.00010	Time 1.908 (2.122)	Data 0.000 (0.167)	Loss 0.0215 (0.0605)	Prec@1 100.000 (98.042)	Prec@5 100.000 (99.977)
Epoch: [39][80/105], lr: 0.00010	Time 1.902 (2.079)	Data 0.000 (0.126)	Loss 0.0174 (0.0609)	Prec@1 100.000 (98.114)	Prec@5 100.000 (99.966)
Epoch: [39][100/105], lr: 0.00010	Time 1.901 (2.045)	Data 0.000 (0.101)	Loss 0.1081 (0.0639)	Prec@1 95.833 (97.965)	Prec@5 100.000 (99.972)
Test: [0/22]	Time 12.988 (12.988)	Loss 0.4791 (0.4791)	Prec@1 93.056 (93.056)	Prec@5 98.611 (98.611)
Test: [20/22]	Time 0.948 (1.560)	Loss 1.1137 (0.4877)	Prec@1 88.889 (91.733)	Prec@5 98.611 (99.339)
Testing Results: Prec@1 91.732 Prec@5 99.344 Loss 0.48443
Best Prec@1: 93.110

Epoch: [40][0/105], lr: 0.00001	Time 11.315 (11.315)	Data 9.395 (9.395)	Loss 0.0307 (0.0307)	Prec@1 98.611 (98.611)	Prec@5 100.000 (100.000)
Epoch: [40][20/105], lr: 0.00001	Time 1.890 (2.503)	Data 0.000 (0.555)	Loss 0.1155 (0.0468)	Prec@1 97.222 (98.280)	Prec@5 100.000 (100.000)
Epoch: [40][40/105], lr: 0.00001	Time 1.912 (2.233)	Data 0.000 (0.284)	Loss 0.0166 (0.0460)	Prec@1 100.000 (98.238)	Prec@5 100.000 (100.000)
Epoch: [40][60/105], lr: 0.00001	Time 1.914 (2.147)	Data 0.000 (0.191)	Loss 0.0043 (0.0549)	Prec@1 100.000 (97.996)	Prec@5 100.000 (99.977)
Epoch: [40][80/105], lr: 0.00001	Time 1.905 (2.099)	Data 0.000 (0.144)	Loss 0.0471 (0.0545)	Prec@1 97.222 (97.994)	Prec@5 100.000 (99.983)
Epoch: [40][100/105], lr: 0.00001	Time 1.903 (2.062)	Data 0.000 (0.115)	Loss 0.0480 (0.0548)	Prec@1 97.222 (97.924)	Prec@5 100.000 (99.986)
Test: [0/22]	Time 11.901 (11.901)	Loss 0.5030 (0.5030)	Prec@1 93.056 (93.056)	Prec@5 98.611 (98.611)
Test: [20/22]	Time 0.950 (1.523)	Loss 1.1330 (0.4912)	Prec@1 88.889 (92.593)	Prec@5 98.611 (99.339)
Testing Results: Prec@1 92.585 Prec@5 99.344 Loss 0.48789
Best Prec@1: 93.110

Epoch: [41][0/105], lr: 0.00001	Time 12.767 (12.767)	Data 10.874 (10.874)	Loss 0.1004 (0.1004)	Prec@1 95.833 (95.833)	Prec@5 100.000 (100.000)
Epoch: [41][20/105], lr: 0.00001	Time 1.894 (2.474)	Data 0.000 (0.518)	Loss 0.1216 (0.0621)	Prec@1 98.611 (97.884)	Prec@5 100.000 (100.000)
Epoch: [41][40/105], lr: 0.00001	Time 1.906 (2.221)	Data 0.000 (0.265)	Loss 0.0573 (0.0658)	Prec@1 97.222 (97.629)	Prec@5 100.000 (99.966)
Epoch: [41][60/105], lr: 0.00001	Time 2.061 (2.141)	Data 0.000 (0.178)	Loss 0.0403 (0.0600)	Prec@1 98.611 (97.928)	Prec@5 100.000 (99.977)
Epoch: [41][80/105], lr: 0.00001	Time 1.904 (2.093)	Data 0.000 (0.134)	Loss 0.1591 (0.0588)	Prec@1 97.222 (98.011)	Prec@5 100.000 (99.983)
Epoch: [41][100/105], lr: 0.00001	Time 1.908 (2.058)	Data 0.000 (0.108)	Loss 0.0590 (0.0581)	Prec@1 98.611 (98.034)	Prec@5 100.000 (99.986)
Test: [0/22]	Time 13.395 (13.395)	Loss 0.5165 (0.5165)	Prec@1 93.056 (93.056)	Prec@5 98.611 (98.611)
Test: [20/22]	Time 0.952 (1.569)	Loss 1.1148 (0.4878)	Prec@1 88.889 (92.460)	Prec@5 98.611 (99.339)
Testing Results: Prec@1 92.520 Prec@5 99.344 Loss 0.48427
Best Prec@1: 93.110

Epoch: [42][0/105], lr: 0.00001	Time 15.681 (15.681)	Data 13.764 (13.764)	Loss 0.0154 (0.0154)	Prec@1 100.000 (100.000)	Prec@5 100.000 (100.000)
Epoch: [42][20/105], lr: 0.00001	Time 2.038 (2.605)	Data 0.000 (0.656)	Loss 0.0842 (0.0678)	Prec@1 97.222 (97.685)	Prec@5 98.611 (99.934)
Epoch: [42][40/105], lr: 0.00001	Time 1.911 (2.286)	Data 0.000 (0.336)	Loss 0.0398 (0.0603)	Prec@1 97.222 (97.832)	Prec@5 100.000 (99.932)
Epoch: [42][60/105], lr: 0.00001	Time 1.910 (2.178)	Data 0.000 (0.226)	Loss 0.0993 (0.0574)	Prec@1 94.444 (97.905)	Prec@5 100.000 (99.954)
Epoch: [42][80/105], lr: 0.00001	Time 1.904 (2.122)	Data 0.000 (0.170)	Loss 0.0699 (0.0569)	Prec@1 97.222 (97.942)	Prec@5 100.000 (99.949)
Epoch: [42][100/105], lr: 0.00001	Time 1.905 (2.081)	Data 0.000 (0.136)	Loss 0.0702 (0.0585)	Prec@1 94.444 (97.882)	Prec@5 100.000 (99.959)
Test: [0/22]	Time 14.117 (14.117)	Loss 0.5144 (0.5144)	Prec@1 93.056 (93.056)	Prec@5 98.611 (98.611)
Test: [20/22]	Time 0.952 (1.596)	Loss 1.1585 (0.4950)	Prec@1 87.500 (92.262)	Prec@5 98.611 (99.339)
Testing Results: Prec@1 92.257 Prec@5 99.344 Loss 0.49190
Best Prec@1: 93.110

Epoch: [43][0/105], lr: 0.00001	Time 12.604 (12.604)	Data 10.707 (10.707)	Loss 0.0643 (0.0643)	Prec@1 95.833 (95.833)	Prec@5 100.000 (100.000)
Epoch: [43][20/105], lr: 0.00001	Time 1.891 (2.466)	Data 0.000 (0.519)	Loss 0.0267 (0.0435)	Prec@1 98.611 (98.545)	Prec@5 100.000 (100.000)
Epoch: [43][40/105], lr: 0.00001	Time 1.906 (2.218)	Data 0.000 (0.266)	Loss 0.0874 (0.0555)	Prec@1 97.222 (98.103)	Prec@5 100.000 (99.898)
Epoch: [43][60/105], lr: 0.00001	Time 1.909 (2.137)	Data 0.000 (0.179)	Loss 0.0914 (0.0630)	Prec@1 95.833 (97.928)	Prec@5 100.000 (99.932)
Epoch: [43][80/105], lr: 0.00001	Time 1.929 (2.091)	Data 0.000 (0.135)	Loss 0.0150 (0.0592)	Prec@1 100.000 (98.028)	Prec@5 100.000 (99.949)
Epoch: [43][100/105], lr: 0.00001	Time 1.909 (2.056)	Data 0.000 (0.108)	Loss 0.0484 (0.0575)	Prec@1 98.611 (98.102)	Prec@5 100.000 (99.959)
Test: [0/22]	Time 11.325 (11.325)	Loss 0.5192 (0.5192)	Prec@1 93.056 (93.056)	Prec@5 98.611 (98.611)
Test: [20/22]	Time 0.961 (1.527)	Loss 1.1548 (0.4944)	Prec@1 87.500 (92.394)	Prec@5 98.611 (99.339)
Testing Results: Prec@1 92.388 Prec@5 99.344 Loss 0.49098
Best Prec@1: 93.110

Epoch: [44][0/105], lr: 0.00001	Time 14.489 (14.489)	Data 12.593 (12.593)	Loss 0.0153 (0.0153)	Prec@1 100.000 (100.000)	Prec@5 100.000 (100.000)
Epoch: [44][20/105], lr: 0.00001	Time 2.032 (2.567)	Data 0.000 (0.600)	Loss 0.0189 (0.0634)	Prec@1 100.000 (97.884)	Prec@5 100.000 (99.868)
Epoch: [44][40/105], lr: 0.00001	Time 2.072 (2.271)	Data 0.000 (0.307)	Loss 0.1088 (0.0578)	Prec@1 97.222 (97.934)	Prec@5 100.000 (99.932)
Epoch: [44][60/105], lr: 0.00001	Time 1.912 (2.167)	Data 0.000 (0.207)	Loss 0.0505 (0.0623)	Prec@1 97.222 (97.814)	Prec@5 100.000 (99.954)
Epoch: [44][80/105], lr: 0.00001	Time 1.908 (2.116)	Data 0.000 (0.156)	Loss 0.0839 (0.0607)	Prec@1 95.833 (97.925)	Prec@5 100.000 (99.966)
Epoch: [44][100/105], lr: 0.00001	Time 1.913 (2.077)	Data 0.000 (0.125)	Loss 0.0175 (0.0592)	Prec@1 100.000 (97.937)	Prec@5 100.000 (99.972)
Test: [0/22]	Time 10.243 (10.243)	Loss 0.5138 (0.5138)	Prec@1 93.056 (93.056)	Prec@5 98.611 (98.611)
Test: [20/22]	Time 0.949 (1.464)	Loss 1.1231 (0.4848)	Prec@1 87.500 (92.262)	Prec@5 98.611 (99.339)
Testing Results: Prec@1 92.323 Prec@5 99.344 Loss 0.48145
Best Prec@1: 93.110

Epoch: [45][0/105], lr: 0.00001	Time 14.622 (14.622)	Data 12.726 (12.726)	Loss 0.0178 (0.0178)	Prec@1 100.000 (100.000)	Prec@5 100.000 (100.000)
Epoch: [45][20/105], lr: 0.00001	Time 1.896 (2.561)	Data 0.000 (0.606)	Loss 0.2152 (0.0639)	Prec@1 93.056 (97.421)	Prec@5 100.000 (100.000)
Epoch: [45][40/105], lr: 0.00001	Time 1.907 (2.277)	Data 0.000 (0.311)	Loss 0.0607 (0.0653)	Prec@1 97.222 (97.595)	Prec@5 100.000 (99.966)
Epoch: [45][60/105], lr: 0.00001	Time 1.916 (2.172)	Data 0.000 (0.209)	Loss 0.0723 (0.0644)	Prec@1 97.222 (97.746)	Prec@5 100.000 (99.977)
Epoch: [45][80/105], lr: 0.00001	Time 1.907 (2.119)	Data 0.000 (0.157)	Loss 0.0819 (0.0618)	Prec@1 95.833 (97.840)	Prec@5 100.000 (99.966)
Epoch: [45][100/105], lr: 0.00001	Time 1.906 (2.079)	Data 0.000 (0.126)	Loss 0.0822 (0.0623)	Prec@1 95.833 (97.786)	Prec@5 100.000 (99.972)
Test: [0/22]	Time 12.838 (12.838)	Loss 0.5205 (0.5205)	Prec@1 93.056 (93.056)	Prec@5 98.611 (98.611)
Test: [20/22]	Time 0.952 (1.555)	Loss 1.1216 (0.4949)	Prec@1 88.889 (92.659)	Prec@5 98.611 (99.339)
Testing Results: Prec@1 92.717 Prec@5 99.344 Loss 0.49133
Best Prec@1: 93.110

Epoch: [46][0/105], lr: 0.00001	Time 11.793 (11.793)	Data 9.897 (9.897)	Loss 0.0415 (0.0415)	Prec@1 98.611 (98.611)	Prec@5 100.000 (100.000)
Epoch: [46][20/105], lr: 0.00001	Time 1.890 (2.424)	Data 0.000 (0.471)	Loss 0.0675 (0.0595)	Prec@1 98.611 (97.950)	Prec@5 98.611 (99.868)
Epoch: [46][40/105], lr: 0.00001	Time 1.912 (2.193)	Data 0.000 (0.242)	Loss 0.0313 (0.0577)	Prec@1 98.611 (97.934)	Prec@5 100.000 (99.898)
Epoch: [46][60/105], lr: 0.00001	Time 2.012 (2.118)	Data 0.000 (0.162)	Loss 0.0470 (0.0657)	Prec@1 98.611 (97.860)	Prec@5 100.000 (99.886)
Epoch: [46][80/105], lr: 0.00001	Time 1.907 (2.075)	Data 0.000 (0.122)	Loss 0.0545 (0.0639)	Prec@1 97.222 (97.908)	Prec@5 100.000 (99.914)
Epoch: [46][100/105], lr: 0.00001	Time 1.906 (2.043)	Data 0.000 (0.098)	Loss 0.0228 (0.0608)	Prec@1 98.611 (97.992)	Prec@5 100.000 (99.917)
Test: [0/22]	Time 12.100 (12.100)	Loss 0.5277 (0.5277)	Prec@1 93.056 (93.056)	Prec@5 98.611 (98.611)
Test: [20/22]	Time 0.951 (1.532)	Loss 1.1497 (0.5055)	Prec@1 87.500 (92.130)	Prec@5 98.611 (99.339)
Testing Results: Prec@1 92.126 Prec@5 99.344 Loss 0.50214
Best Prec@1: 93.110

Epoch: [47][0/105], lr: 0.00001	Time 11.140 (11.140)	Data 9.117 (9.117)	Loss 0.1238 (0.1238)	Prec@1 95.833 (95.833)	Prec@5 100.000 (100.000)
Epoch: [47][20/105], lr: 0.00001	Time 2.181 (2.416)	Data 0.000 (0.434)	Loss 0.0520 (0.0591)	Prec@1 97.222 (97.817)	Prec@5 100.000 (100.000)
Epoch: [47][40/105], lr: 0.00001	Time 1.914 (2.193)	Data 0.000 (0.223)	Loss 0.0182 (0.0593)	Prec@1 100.000 (97.730)	Prec@5 100.000 (100.000)
Epoch: [47][60/105], lr: 0.00001	Time 2.054 (2.119)	Data 0.000 (0.150)	Loss 0.0056 (0.0548)	Prec@1 100.000 (97.974)	Prec@5 100.000 (100.000)
Epoch: [47][80/105], lr: 0.00001	Time 1.908 (2.078)	Data 0.000 (0.113)	Loss 0.0226 (0.0538)	Prec@1 100.000 (98.045)	Prec@5 100.000 (100.000)
Epoch: [47][100/105], lr: 0.00001	Time 1.908 (2.045)	Data 0.000 (0.090)	Loss 0.0267 (0.0525)	Prec@1 98.611 (98.144)	Prec@5 100.000 (100.000)
Test: [0/22]	Time 13.567 (13.567)	Loss 0.5375 (0.5375)	Prec@1 93.056 (93.056)	Prec@5 98.611 (98.611)
Test: [20/22]	Time 0.953 (1.577)	Loss 1.1625 (0.5077)	Prec@1 87.500 (92.394)	Prec@5 98.611 (99.339)
Testing Results: Prec@1 92.388 Prec@5 99.344 Loss 0.50433
Best Prec@1: 93.110

Epoch: [48][0/105], lr: 0.00001	Time 14.193 (14.193)	Data 12.246 (12.246)	Loss 0.0763 (0.0763)	Prec@1 98.611 (98.611)	Prec@5 100.000 (100.000)
Epoch: [48][20/105], lr: 0.00001	Time 2.035 (2.527)	Data 0.000 (0.583)	Loss 0.0164 (0.0512)	Prec@1 98.611 (98.148)	Prec@5 100.000 (100.000)
Epoch: [48][40/105], lr: 0.00001	Time 1.909 (2.251)	Data 0.000 (0.299)	Loss 0.0501 (0.0462)	Prec@1 97.222 (98.340)	Prec@5 100.000 (100.000)
Epoch: [48][60/105], lr: 0.00001	Time 2.011 (2.156)	Data 0.000 (0.201)	Loss 0.0475 (0.0495)	Prec@1 97.222 (98.338)	Prec@5 100.000 (99.977)
Epoch: [48][80/105], lr: 0.00001	Time 1.909 (2.106)	Data 0.000 (0.151)	Loss 0.0564 (0.0530)	Prec@1 97.222 (98.217)	Prec@5 100.000 (99.983)
Epoch: [48][100/105], lr: 0.00001	Time 1.907 (2.067)	Data 0.000 (0.121)	Loss 0.0401 (0.0552)	Prec@1 98.611 (98.102)	Prec@5 100.000 (99.972)
Test: [0/22]	Time 10.126 (10.126)	Loss 0.5609 (0.5609)	Prec@1 93.056 (93.056)	Prec@5 98.611 (98.611)
Test: [20/22]	Time 0.990 (1.487)	Loss 1.1095 (0.5016)	Prec@1 88.889 (92.328)	Prec@5 98.611 (99.339)
Testing Results: Prec@1 92.323 Prec@5 99.344 Loss 0.49814
Best Prec@1: 93.110

Epoch: [49][0/105], lr: 0.00001	Time 11.361 (11.361)	Data 9.366 (9.366)	Loss 0.0314 (0.0314)	Prec@1 100.000 (100.000)	Prec@5 100.000 (100.000)
Epoch: [49][20/105], lr: 0.00001	Time 1.891 (2.422)	Data 0.000 (0.463)	Loss 0.0705 (0.0459)	Prec@1 98.611 (98.611)	Prec@5 98.611 (99.934)
Epoch: [49][40/105], lr: 0.00001	Time 1.907 (2.191)	Data 0.000 (0.237)	Loss 0.0583 (0.0489)	Prec@1 95.833 (98.340)	Prec@5 100.000 (99.966)
Epoch: [49][60/105], lr: 0.00001	Time 1.910 (2.120)	Data 0.000 (0.160)	Loss 0.0433 (0.0491)	Prec@1 98.611 (98.338)	Prec@5 100.000 (99.977)
Epoch: [49][80/105], lr: 0.00001	Time 1.907 (2.083)	Data 0.000 (0.120)	Loss 0.0605 (0.0503)	Prec@1 95.833 (98.200)	Prec@5 100.000 (99.983)
Epoch: [49][100/105], lr: 0.00001	Time 1.988 (2.050)	Data 0.000 (0.096)	Loss 0.0488 (0.0480)	Prec@1 97.222 (98.281)	Prec@5 100.000 (99.986)
Test: [0/22]	Time 12.468 (12.468)	Loss 0.5779 (0.5779)	Prec@1 93.056 (93.056)	Prec@5 98.611 (98.611)
Test: [20/22]	Time 0.952 (1.553)	Loss 1.1242 (0.5055)	Prec@1 87.500 (92.791)	Prec@5 98.611 (99.339)
Testing Results: Prec@1 92.848 Prec@5 99.344 Loss 0.50184
Best Prec@1: 93.110

